customer_id,churn_probability,risk_tier,top_reason_codes
CUST00001,0.3993926429930634,low,subscription_plan_Premium(-); account_age_days(-); days_since_last_login(-)
CUST00002,0.5294434354550782,high,subscription_plan_Free(+); account_age_days(-); days_since_last_login(+)
CUST00003,0.6513428242725393,high,subscription_plan_Free(+); missingindicator_monthly_spend(+); account_age_days(+)
CUST00004,0.537333488616438,high,subscription_plan_Free(+); account_age_days(-); device_type_Desktop(+)
CUST00005,0.37422335387886496,low,days_since_last_login(-); subscription_plan_Premium(-); region_Central(+)
CUST00006,0.5634861017760158,high,days_since_last_login(+); region_South(-); support_per_order(+)
CUST00007,0.5889786031056095,high,subscription_plan_Free(+); missingindicator_monthly_spend(+); device_type_Desktop(+)
CUST00008,0.5308030941774409,high,account_age_days(+); device_type_Desktop(+); subscription_plan_Basic(+)
CUST00009,0.44134838859538705,low,subscription_plan_Free(+); days_since_last_login(-); device_type_Tablet(-)
CUST00010,0.4629915418383833,medium,subscription_plan_Enterprise(-); days_since_last_login(+); account_age_days(+)
CUST00011,0.5269573419952547,high,subscription_plan_Free(+); days_since_last_login(+); region_North(-)
CUST00012,0.46890499470607205,medium,days_since_last_login(-); subscription_plan_Basic(+); account_age_days(+)
CUST00013,0.3691878428428737,low,subscription_plan_Enterprise(-); account_age_days(-); region_North(-)
CUST00014,0.45445880079966655,low,missingindicator_avg_order_value(-); days_since_last_login(+); subscription_plan_Basic(+)
CUST00015,0.45475447673469827,low,missingindicator_monthly_spend(+); days_since_last_login(-); region_South(-)
CUST00016,0.43164089549883194,low,account_age_days(-); days_since_last_login(-); subscription_plan_Basic(+)
CUST00017,0.5561649993148501,high,days_since_last_login(+); device_type_Desktop(+); subscription_plan_Basic(+)
CUST00018,0.505938768384825,medium,days_since_last_login(+); subscription_plan_Basic(+); account_age_days(-)
CUST00019,0.35847711530514276,low,days_since_last_login(-); subscription_plan_Premium(-); region_North(-)
CUST00020,0.3328959494181581,low,subscription_plan_Premium(-); region_South(-); account_age_days(-)
CUST00021,0.3660127071433932,low,days_since_last_login(-); missingindicator_avg_order_value(-); subscription_plan_Premium(-)
CUST00022,0.524165385606349,high,subscription_plan_Free(+); days_since_last_login(+); account_age_days(-)
CUST00023,0.45698725622650677,low,missingindicator_monthly_spend(+); days_since_last_login(-); account_age_days(-)
CUST00024,0.5697176242141069,high,missingindicator_pages_per_session(+); days_since_last_login(+); device_type_Desktop(+)
CUST00025,0.48558317629027703,medium,subscription_plan_Free(+); account_age_days(-); days_since_last_login(-)
CUST00026,0.42076650710999075,low,device_type_Tablet(-); subscription_plan_Basic(+); days_since_last_login(-)
CUST00027,0.548845560882669,high,subscription_plan_Free(+); account_age_days(+); days_since_last_login(-)
CUST00028,0.4035530868271179,low,subscription_plan_Premium(-); account_age_days(-); region_West(+)
CUST00029,0.5070773475407585,medium,days_since_last_login(+); subscription_plan_Basic(+); account_age_days(-)
CUST00030,0.41423664012271144,low,subscription_plan_Premium(-); device_type_Desktop(+); days_since_last_login(-)
CUST00031,0.4483538566484461,low,days_since_last_login(-); subscription_plan_Basic(+); region_West(+)
CUST00032,0.6113927673981298,high,subscription_plan_Free(+); days_since_last_login(+); account_age_days(+)
CUST00033,0.533611902015469,high,days_since_last_login(+); subscription_plan_Basic(+); support_per_order(-)
CUST00034,0.40751820608803246,low,region_South(-); days_since_last_login(-); subscription_plan_Basic(+)
CUST00035,0.4391088025905689,low,region_South(-); account_age_days(-); device_type_Desktop(+)
CUST00036,0.6609828349611833,high,support_per_order(+); subscription_plan_Free(+); days_since_last_login(+)
CUST00037,0.5629877493856529,high,subscription_plan_Free(+); device_type_Desktop(+); days_since_last_login(+)
CUST00038,0.5873678293884559,high,subscription_plan_Free(+); days_since_last_login(+); pages_per_session(+)
CUST00039,0.4463882636929366,low,missingindicator_monthly_spend(+); subscription_plan_Premium(-); device_type_Tablet(-)
CUST00040,0.4477041412305118,low,subscription_plan_Free(+); days_since_last_login(-); account_age_days(-)
CUST00041,0.48386650769979855,medium,subscription_plan_Free(+); days_since_last_login(-); account_age_days(-)
CUST00042,0.4889882185746652,medium,subscription_plan_Basic(+); account_age_days(-); days_since_last_login(+)
CUST00043,0.5664357501679724,high,subscription_plan_Free(+); days_since_last_login(-); account_age_days(+)
CUST00044,0.4724305342893512,medium,subscription_plan_Free(+); days_since_last_login(-); support_per_order(-)
CUST00045,0.3320666524974569,low,days_since_last_login(-); missingindicator_avg_order_value(-); subscription_plan_Premium(-)
CUST00046,0.5342070203249621,high,subscription_plan_Free(+); days_since_last_login(+); missingindicator_recency_ratio(-)
CUST00047,0.41702066363805657,low,region_South(-); days_since_last_login(-); device_type_Desktop(+)
CUST00048,0.5526823134491259,high,subscription_plan_Free(+); device_type_Tablet(-); account_age_days(+)
CUST00049,0.4820336544865026,medium,subscription_plan_Free(+); days_since_last_login(-); account_age_days(-)
CUST00050,0.38122209068182117,low,days_since_last_login(-); account_age_days(-); subscription_plan_Basic(+)
CUST00051,0.4267936048291288,low,account_age_days(-); days_since_last_login(-); subscription_plan_Basic(+)
CUST00052,0.4183916358764807,low,days_since_last_login(+); subscription_plan_Premium(-); region_South(-)
CUST00053,0.5158110274756798,high,days_since_last_login(+); subscription_plan_Basic(+); region_North(-)
CUST00054,0.6037908846796209,high,subscription_plan_Free(+); days_since_last_login(+); account_age_days(+)
CUST00055,0.5348829845788525,high,subscription_plan_Free(+); days_since_last_login(+); account_age_days(-)
CUST00056,0.497031512263668,medium,subscription_plan_Basic(+); days_since_last_login(+); support_per_order(+)
CUST00057,0.4746520737184044,medium,subscription_plan_Free(+); days_since_last_login(-); missingindicator_avg_order_value(-)
CUST00058,0.6370414032996573,high,subscription_plan_Free(+); days_since_last_login(+); missingindicator_pages_per_session(+)
CUST00059,0.5345701394283375,high,subscription_plan_Free(+); days_since_last_login(-); device_type_Desktop(+)
CUST00060,0.43694391057261706,low,subscription_plan_Premium(-); region_South(-); account_age_days(+)
CUST00061,0.38724224627147363,low,subscription_plan_Premium(-); region_South(-); device_type_Desktop(+)
CUST00062,0.46410599453837725,medium,subscription_plan_Free(+); device_type_Tablet(-); days_since_last_login(-)
CUST00063,0.4715826402584993,medium,days_since_last_login(+); subscription_plan_Premium(-); region_West(+)
CUST00064,0.4282335758573642,low,region_South(-); account_age_days(-); days_since_last_login(+)
CUST00065,0.5387022991695513,high,subscription_plan_Free(+); missingindicator_pages_per_session(+); days_since_last_login(-)
CUST00066,0.3485876245781983,low,days_since_last_login(-); subscription_plan_Premium(-); account_age_days(-)
CUST00067,0.44013103721811764,low,region_South(-); days_since_last_login(-); support_per_order(+)
CUST00068,0.6425229486507259,high,subscription_plan_Free(+); days_since_last_login(+); support_per_order(+)
CUST00069,0.5072448461316795,medium,subscription_plan_Basic(+); days_since_last_login(+); account_age_days(+)
CUST00070,0.5900397018360068,high,subscription_plan_Free(+); device_type_Desktop(+); region_West(+)
CUST00071,0.43577340856870955,low,region_South(-); days_since_last_login(-); subscription_plan_Basic(+)
CUST00072,0.5192085157366607,high,subscription_plan_Free(+); days_since_last_login(-); account_age_days(+)
CUST00073,0.521329271341067,high,days_since_last_login(+); subscription_plan_Premium(-); account_age_days(+)
CUST00074,0.436770396529492,low,subscription_plan_Free(+); days_since_last_login(-); region_South(-)
CUST00075,0.45590558579416385,low,device_type_Tablet(-); subscription_plan_Basic(+); support_per_order(+)
CUST00076,0.35088067461403033,low,subscription_plan_Enterprise(-); days_since_last_login(-); region_West(+)
CUST00077,0.4676388408761807,medium,subscription_plan_Free(+); days_since_last_login(-); support_per_order(-)
CUST00078,0.4551387617204813,low,days_since_last_login(+); subscription_plan_Premium(-); missingindicator_recency_ratio(-)
CUST00079,0.4173927792688395,low,region_South(-); subscription_plan_Basic(+); days_since_last_login(-)
CUST00080,0.5011922703773719,medium,subscription_plan_Free(+); days_since_last_login(+); region_South(-)
CUST00081,0.5186623527845426,high,subscription_plan_Free(+); days_since_last_login(-); account_age_days(-)
CUST00082,0.3240072122665697,low,subscription_plan_Enterprise(-); region_South(-); account_age_days(-)
CUST00083,0.4388228670843762,low,days_since_last_login(-); subscription_plan_Basic(+); account_age_days(+)
CUST00084,0.513801202475914,high,missingindicator_pages_per_session(+); subscription_plan_Basic(+); days_since_last_login(-)
CUST00085,0.5014371259612096,medium,subscription_plan_Free(+); days_since_last_login(-); account_age_days(+)
CUST00086,0.39096662558663475,low,subscription_plan_Enterprise(-); account_age_days(-); device_type_Desktop(+)
CUST00087,0.4254200949883565,low,days_since_last_login(-); missingindicator_pages_per_session(+); subscription_plan_Premium(-)
CUST00088,0.5667349668002732,high,subscription_plan_Free(+); days_since_last_login(+); account_age_days(-)
CUST00089,0.5384235975316393,high,subscription_plan_Free(+); missingindicator_monthly_spend(+); device_type_Tablet(-)
CUST00090,0.4270700491664766,low,account_age_days(-); days_since_last_login(-); subscription_plan_Basic(+)
CUST00091,0.5815214405022752,high,subscription_plan_Free(+); days_since_last_login(+); account_age_days(-)
CUST00092,0.6031467603932562,high,subscription_plan_Free(+); days_since_last_login(+); account_age_days(+)
CUST00093,0.5259416549382435,high,days_since_last_login(+); account_age_days(-); device_type_Desktop(+)
CUST00094,0.4821542518831953,medium,subscription_plan_Basic(+); account_age_days(+); days_since_last_login(-)
CUST00095,0.4045087920900318,low,subscription_plan_Enterprise(-); days_since_last_login(+); account_age_days(-)
CUST00096,0.4450311001870254,low,subscription_plan_Premium(-); days_since_last_login(+); account_age_days(-)
CUST00097,0.5547475260410542,high,subscription_plan_Free(+); device_type_Desktop(+); days_since_last_login(-)
CUST00098,0.4537015548711512,low,account_age_days(-); subscription_plan_Basic(+); support_per_order(-)
CUST00099,0.4494847669759617,low,subscription_plan_Premium(-); device_type_Desktop(+); account_age_days(+)
CUST00100,0.5403623181742431,high,subscription_plan_Free(+); days_since_last_login(+); region_South(-)
CUST00101,0.519001823129499,high,subscription_plan_Free(+); account_age_days(-); device_type_Desktop(+)
CUST00102,0.48595491620607734,medium,subscription_plan_Free(+); device_type_Tablet(-); account_age_days(-)
CUST00103,0.5464036783821395,high,subscription_plan_Free(+); days_since_last_login(+); account_age_days(-)
CUST00104,0.5173320543381936,high,days_since_last_login(+); account_age_days(-); subscription_plan_Basic(+)
CUST00105,0.5359348106396484,high,subscription_plan_Free(+); days_since_last_login(-); account_age_days(+)
CUST00106,0.5439640474489277,high,days_since_last_login(+); device_type_Desktop(+); subscription_plan_Basic(+)
CUST00107,0.3954308706937247,low,subscription_plan_Enterprise(-); device_type_Desktop(+); days_since_last_login(-)
CUST00108,0.5026871370868757,medium,support_per_order(+); account_age_days(-); device_type_Desktop(+)
CUST00109,0.599209661941306,high,subscription_plan_Free(+); missingindicator_monthly_spend(+); days_since_last_login(+)
CUST00110,0.4510549737654165,low,missingindicator_pages_per_session(+); subscription_plan_Premium(-); device_type_Tablet(-)
CUST00111,0.5177840057310703,high,subscription_plan_Free(+); days_since_last_login(+); device_type_Tablet(-)
CUST00112,0.48429007687718456,medium,subscription_plan_Free(+); missingindicator_avg_order_value(-); device_type_Tablet(-)
CUST00113,0.5415748613703204,high,subscription_plan_Free(+); support_per_order(+); days_since_last_login(-)
CUST00114,0.45045989045815216,low,subscription_plan_Enterprise(-); account_age_days(+); device_type_Desktop(+)
CUST00115,0.49883666589228726,medium,subscription_plan_Free(+); days_since_last_login(-); device_type_Desktop(+)
CUST00116,0.5498186106604506,high,subscription_plan_Free(+); days_since_last_login(+); account_age_days(+)
CUST00117,0.5622632470199742,high,subscription_plan_Free(+); days_since_last_login(+); region_North(-)
CUST00118,0.48091867540225924,medium,account_age_days(-); device_type_Desktop(+); subscription_plan_Basic(+)
CUST00119,0.4466076963052187,low,subscription_plan_Free(+); missingindicator_avg_order_value(-); days_since_last_login(-)
CUST00120,0.4756898398792321,medium,account_age_days(+); days_since_last_login(-); subscription_plan_Basic(+)
CUST00121,0.38845765590670045,low,subscription_plan_Enterprise(-); device_type_Tablet(-); days_since_last_login(+)
CUST00122,0.5532946615757565,high,subscription_plan_Free(+); missingindicator_monthly_spend(+); device_type_Tablet(-)
CUST00123,0.5276391842148828,high,subscription_plan_Free(+); region_South(-); device_type_Desktop(+)
CUST00124,0.40323654308720036,low,subscription_plan_Free(+); days_since_last_login(-); missingindicator_avg_order_value(-)
CUST00125,0.5881309958579911,high,subscription_plan_Free(+); days_since_last_login(+); account_age_days(+)
CUST00126,0.45744137866714346,medium,missingindicator_recency_ratio(-); days_since_last_login(-); missingindicator_account_age_days(-)
CUST00127,0.5246721343856453,high,subscription_plan_Free(+); account_age_days(-); region_West(+)
CUST00128,0.5061685332342566,medium,subscription_plan_Free(+); days_since_last_login(-); support_per_order(-)
CUST00129,0.47245402686977683,medium,device_type_Desktop(+); subscription_plan_Basic(+); support_per_order(-)
CUST00130,0.4636181878946797,medium,account_age_days(-); subscription_plan_Basic(+); region_West(+)
CUST00131,0.36894671647143173,low,missingindicator_avg_order_value(-); subscription_plan_Premium(-); account_age_days(-)
CUST00132,0.4889093298905746,medium,subscription_plan_Free(+); device_type_Tablet(-); days_since_last_login(-)
CUST00133,0.5105990097117303,high,account_age_days(+); device_type_Desktop(+); subscription_plan_Basic(+)
CUST00134,0.5215016284566343,high,days_since_last_login(+); device_type_Desktop(+); subscription_plan_Basic(+)
CUST00135,0.5404671375414931,high,days_since_last_login(+); region_South(-); device_type_Desktop(+)
CUST00136,0.4506677328024146,low,subscription_plan_Enterprise(-); days_since_last_login(+); account_age_days(+)
CUST00137,0.37932706191152304,low,subscription_plan_Enterprise(-); device_type_Tablet(-); account_age_days(+)
CUST00138,0.4824198987152283,medium,device_type_Desktop(+); subscription_plan_Basic(+); account_age_days(-)
CUST00139,0.3934760115883968,low,subscription_plan_Premium(-); region_South(-); account_age_days(-)
CUST00140,0.4733066623565123,medium,subscription_plan_Free(+); days_since_last_login(-); is_dormant(-)
CUST00141,0.5204484563462562,high,missingindicator_pages_per_session(+); account_age_days(-); device_type_Desktop(+)
CUST00142,0.4427601590065999,low,days_since_last_login(-); subscription_plan_Basic(+); account_age_days(+)
CUST00143,0.49485205511388075,medium,subscription_plan_Free(+); days_since_last_login(-); account_age_days(-)
CUST00144,0.5729494230117841,high,subscription_plan_Free(+); missingindicator_monthly_spend(+); account_age_days(+)
CUST00145,0.542414141914989,high,days_since_last_login(+); missingindicator_monthly_spend(+); missingindicator_pages_per_session(+)
CUST00146,0.5590058724898377,high,subscription_plan_Free(+); days_since_last_login(+); account_age_days(-)
CUST00147,0.3764633251625695,low,subscription_plan_Enterprise(-); account_age_days(-); region_North(-)
CUST00148,0.42092363876235445,low,subscription_plan_Premium(-); device_type_Tablet(-); days_since_last_login(+)
CUST00149,0.5618082626878478,high,subscription_plan_Free(+); days_since_last_login(+); device_type_Desktop(+)
CUST00150,0.45722331124123433,low,subscription_plan_Free(+); days_since_last_login(-); account_age_days(-)
CUST00151,0.403292396887455,low,subscription_plan_Premium(-); device_type_Tablet(-); account_age_days(+)
CUST00152,0.5617380571781974,high,subscription_plan_Free(+); days_since_last_login(+); device_type_Tablet(-)
CUST00153,0.46037871354498394,medium,subscription_plan_Free(+); region_South(-); days_since_last_login(-)
CUST00154,0.5337480795749858,high,subscription_plan_Free(+); account_age_days(+); days_since_last_login(-)
CUST00155,0.48305634675378295,medium,subscription_plan_Free(+); days_since_last_login(+); device_type_Tablet(-)
CUST00156,0.4682995073797812,medium,days_since_last_login(+); subscription_plan_Premium(-); account_age_days(+)
CUST00157,0.4768449992856668,medium,subscription_plan_Free(+); region_South(-); days_since_last_login(-)
CUST00158,0.34613985869279346,low,subscription_plan_Enterprise(-); region_South(-); account_age_days(-)
CUST00159,0.5352512857687606,high,days_since_last_login(+); account_age_days(+); subscription_plan_Basic(+)
CUST00160,0.518316380306689,high,subscription_plan_Free(+); account_age_days(-); days_since_last_login(+)
CUST00161,0.37402599473443693,low,subscription_plan_Premium(-); device_type_Tablet(-); account_age_days(-)
CUST00162,0.41299516662428815,low,subscription_plan_Free(+); days_since_last_login(-); account_age_days(-)
CUST00163,0.545400076330522,high,subscription_plan_Free(+); account_age_days(-); device_type_Desktop(+)
CUST00164,0.5957693187510948,high,subscription_plan_Free(+); device_type_Desktop(+); region_West(+)
CUST00165,0.6349483881728641,high,subscription_plan_Free(+); days_since_last_login(+); device_type_Desktop(+)
CUST00166,0.4162445315601122,low,days_since_last_login(-); account_age_days(-); subscription_plan_Basic(+)
CUST00167,0.5353255932510145,high,days_since_last_login(+); device_type_Desktop(+); subscription_plan_Basic(+)
CUST00168,0.5516818433475829,high,days_since_last_login(+); device_type_Desktop(+); subscription_plan_Basic(+)
CUST00169,0.5452551450210888,high,subscription_plan_Free(+); days_since_last_login(-); account_age_days(+)
CUST00170,0.39828378576281154,low,subscription_plan_Premium(-); region_South(-); account_age_days(+)
CUST00171,0.44982924715843203,low,subscription_plan_Premium(-); account_age_days(+); region_West(+)
CUST00172,0.3983203029585213,low,region_South(-); days_since_last_login(-); subscription_plan_Basic(+)
CUST00173,0.5885310095526717,high,subscription_plan_Free(+); account_age_days(+); days_since_last_login(+)
CUST00174,0.5076323000624182,medium,subscription_plan_Free(+); device_type_Tablet(-); days_since_last_login(+)
CUST00175,0.5493795183397682,high,subscription_plan_Free(+); days_since_last_login(+); device_type_Tablet(-)
CUST00176,0.5564523559408641,high,subscription_plan_Free(+); device_type_Desktop(+); days_since_last_login(+)
CUST00177,0.5632521992687773,high,subscription_plan_Free(+); account_age_days(+); region_North(-)
CUST00178,0.6114572327752462,high,subscription_plan_Free(+); days_since_last_login(+); account_age_days(+)
CUST00179,0.4712708277742679,medium,subscription_plan_Free(+); days_since_last_login(-); account_age_days(-)
CUST00180,0.3367942226643373,low,subscription_plan_Enterprise(-); days_since_last_login(-); account_age_days(-)
CUST00181,0.4191907428960861,low,days_since_last_login(-); subscription_plan_Basic(+); support_per_order(-)
CUST00182,0.561486547058618,high,subscription_plan_Free(+); days_since_last_login(+); account_age_days(-)
CUST00183,0.5378897203038218,high,days_since_last_login(+); device_type_Desktop(+); subscription_plan_Basic(+)
CUST00184,0.49305674458182736,medium,account_age_days(+); days_since_last_login(-); subscription_plan_Basic(+)
CUST00185,0.419656563868115,low,subscription_plan_Premium(-); days_since_last_login(+); support_per_order(-)
CUST00186,0.45333161351226786,low,region_South(-); days_since_last_login(-); account_age_days(+)
CUST00187,0.616255411197824,high,subscription_plan_Free(+); days_since_last_login(+); device_type_Desktop(+)
CUST00188,0.5815163232337053,high,subscription_plan_Free(+); days_since_last_login(+); support_per_order(-)
CUST00189,0.3574013780250759,low,subscription_plan_Enterprise(-); days_since_last_login(-); device_type_Desktop(+)
CUST00190,0.3916168145733359,low,subscription_plan_Premium(-); region_South(-); account_age_days(-)
CUST00191,0.5046821885687663,medium,subscription_plan_Free(+); account_age_days(-); device_type_Desktop(+)
CUST00192,0.5387459928017522,high,missingindicator_pages_per_session(+); days_since_last_login(+); subscription_plan_Basic(+)
CUST00193,0.3969925286252723,low,subscription_plan_Enterprise(-); device_type_Desktop(+); support_per_order(-)
CUST00194,0.5346518412037022,high,subscription_plan_Free(+); device_type_Tablet(-); account_age_days(+)
CUST00195,0.46989398048724373,medium,days_since_last_login(-); account_age_days(+); subscription_plan_Basic(+)
CUST00196,0.47549768907579815,medium,subscription_plan_Free(+); missingindicator_avg_order_value(-); account_age_days(-)
CUST00197,0.529920255101682,high,subscription_plan_Free(+); days_since_last_login(-); device_type_Desktop(+)
CUST00198,0.5473782131029994,high,days_since_last_login(+); account_age_days(-); device_type_Desktop(+)
CUST00199,0.48113061506255067,medium,subscription_plan_Free(+); days_since_last_login(-); account_age_days(-)
CUST00200,0.44843771276544525,low,subscription_plan_Free(+); days_since_last_login(-); account_age_days(-)
CUST00201,0.6541271996878064,high,subscription_plan_Free(+); days_since_last_login(+); missingindicator_monthly_spend(+)
CUST00202,0.5062052274210913,medium,subscription_plan_Free(+); pages_per_session(-); support_per_order(-)
CUST00203,0.572073030858097,high,subscription_plan_Free(+); days_since_last_login(+); region_South(-)
CUST00204,0.4165441846469505,low,subscription_plan_Free(+); days_since_last_login(-); region_South(-)
CUST00205,0.4602872952597066,medium,account_age_days(-); subscription_plan_Basic(+); days_since_last_login(+)
CUST00206,0.37006344590314205,low,subscription_plan_Enterprise(-); device_type_Tablet(-); region_Central(+)
CUST00207,0.558798214707047,high,subscription_plan_Free(+); days_since_last_login(+); device_type_Desktop(+)
CUST00208,0.4557880153436549,low,days_since_last_login(+); missingindicator_avg_order_value(-); subscription_plan_Premium(-)
CUST00209,0.4874291347948727,medium,subscription_plan_Premium(-); account_age_days(+); region_West(+)
CUST00210,0.5098402485568247,medium,subscription_plan_Free(+); days_since_last_login(-); account_age_days(+)
CUST00211,0.5446108154521925,high,subscription_plan_Free(+); days_since_last_login(+); account_age_days(-)
CUST00212,0.5377554295990902,high,subscription_plan_Free(+); account_age_days(+); days_since_last_login(-)
CUST00213,0.49814699712827987,medium,days_since_last_login(+); subscription_plan_Premium(-); device_type_Desktop(+)
CUST00214,0.5063123326638516,medium,subscription_plan_Free(+); days_since_last_login(-); account_age_days(-)
CUST00215,0.5172091696135964,high,subscription_plan_Free(+); days_since_last_login(-); support_per_order(+)
CUST00216,0.40339682295633433,low,account_age_days(-); days_since_last_login(-); subscription_plan_Basic(+)
CUST00217,0.5991433376303268,high,subscription_plan_Free(+); days_since_last_login(+); device_type_Desktop(+)
CUST00218,0.5377238343605232,high,subscription_plan_Free(+); missingindicator_pages_per_session(+); region_South(-)
CUST00219,0.4353120813912814,low,device_type_Tablet(-); subscription_plan_Basic(+); support_per_order(-)
CUST00220,0.43761994506175633,low,account_age_days(-); subscription_plan_Basic(+); region_North(-)
CUST00221,0.5064008735580112,medium,subscription_plan_Basic(+); days_since_last_login(+); account_age_days(+)
CUST00222,0.508103270771863,medium,subscription_plan_Free(+); days_since_last_login(-); region_Central(+)
CUST00223,0.570508243369656,high,subscription_plan_Free(+); days_since_last_login(+); account_age_days(-)
CUST00224,0.43565930569003475,low,subscription_plan_Premium(-); days_since_last_login(+); support_per_order(-)
CUST00225,0.636220710763571,high,avg_order_value(+); subscription_plan_Free(+); device_type_Desktop(+)
CUST00226,0.48679324442180383,medium,subscription_plan_Premium(-); days_since_last_login(+); device_type_Desktop(+)
CUST00227,0.5690994485391776,high,subscription_plan_Free(+); missingindicator_pages_per_session(+); days_since_last_login(+)
CUST00228,0.3668729844151004,low,days_since_last_login(-); device_type_Tablet(-); subscription_plan_Basic(+)
CUST00229,0.6391089218891716,high,subscription_plan_Free(+); days_since_last_login(+); missingindicator_pages_per_session(+)
CUST00230,0.4568442902984932,low,subscription_plan_Enterprise(-); days_since_last_login(+); device_type_Desktop(+)
CUST00231,0.4471083785370296,low,subscription_plan_Free(+); days_since_last_login(-); account_age_days(-)
CUST00232,0.5361101567085829,high,account_age_days(+); device_type_Desktop(+); subscription_plan_Basic(+)
CUST00233,0.48212872288726993,medium,days_since_last_login(-); account_age_days(+); device_type_Desktop(+)
CUST00234,0.539404057110111,high,subscription_plan_Free(+); missingindicator_avg_order_value(-); region_South(-)
CUST00235,0.4643115075948119,medium,subscription_plan_Free(+); missingindicator_avg_order_value(-); days_since_last_login(-)
CUST00236,0.42325770210506686,low,days_since_last_login(-); subscription_plan_Basic(+); account_age_days(+)
CUST00237,0.4688960501095803,medium,missingindicator_pages_per_session(+); region_South(-); account_age_days(-)
CUST00238,0.5349161426401008,high,subscription_plan_Free(+); days_since_last_login(+); device_type_Tablet(-)
CUST00239,0.44808682084795637,low,days_since_last_login(-); account_age_days(+); subscription_plan_Basic(+)
CUST00240,0.5231888606386661,high,subscription_plan_Free(+); account_age_days(+); days_since_last_login(-)
CUST00241,0.3829266844471869,low,days_since_last_login(-); region_South(-); account_age_days(-)
CUST00242,0.5478535287827189,high,missingindicator_pages_per_session(+); subscription_plan_Premium(-); days_since_last_login(+)
CUST00243,0.635025324704414,high,subscription_plan_Free(+); days_since_last_login(+); device_type_Desktop(+)
CUST00244,0.48570835912338345,medium,account_age_days(+); subscription_plan_Basic(+); days_since_last_login(-)
CUST00245,0.3810709815144023,low,subscription_plan_Enterprise(-); days_since_last_login(-); account_age_days(+)
CUST00246,0.3736715400313434,low,days_since_last_login(-); subscription_plan_Premium(-); account_age_days(+)
CUST00247,0.6670983372629946,high,days_since_last_login(+); missingindicator_monthly_spend(+); missingindicator_pages_per_session(+)
CUST00248,0.42271843829180933,low,subscription_plan_Enterprise(-); account_age_days(-); support_per_order(+)
CUST00249,0.5080773234605578,medium,subscription_plan_Free(+); days_since_last_login(-); missingindicator_monthly_spend(+)
CUST00250,0.45971407823245247,medium,missingindicator_recency_ratio(-); missingindicator_account_age_days(-); subscription_plan_Basic(+)
CUST00251,0.4187377487913995,low,account_age_days(-); days_since_last_login(-); subscription_plan_Basic(+)
CUST00252,0.49807475807569607,medium,subscription_plan_Basic(+); days_since_last_login(+); support_per_order(+)
CUST00253,0.5276644268222173,high,days_since_last_login(+); account_age_days(-); device_type_Desktop(+)
CUST00254,0.5864979840998998,high,subscription_plan_Free(+); missingindicator_monthly_spend(+); account_age_days(+)
CUST00255,0.5070516164956936,medium,subscription_plan_Free(+); region_South(-); device_type_Desktop(+)
CUST00256,0.4324340405279212,low,days_since_last_login(-); subscription_plan_Basic(+); region_West(+)
CUST00257,0.43362800114026784,low,subscription_plan_Premium(-); account_age_days(+); days_since_last_login(-)
CUST00258,0.5380581325825062,high,subscription_plan_Free(+); days_since_last_login(+); account_age_days(-)
CUST00259,0.47661052497018164,medium,subscription_plan_Free(+); device_type_Tablet(-); days_since_last_login(+)
CUST00260,0.5508320033511844,high,days_since_last_login(+); account_age_days(+); subscription_plan_Basic(+)
CUST00261,0.5195283621044962,high,subscription_plan_Free(+); region_South(-); account_age_days(+)
CUST00262,0.5395326304015073,high,subscription_plan_Free(+); account_age_days(+); days_since_last_login(-)
CUST00263,0.37404106046277874,low,days_since_last_login(-); account_age_days(-); subscription_plan_Basic(+)
CUST00264,0.48834779618770774,medium,missingindicator_pages_per_session(+); subscription_plan_Premium(-); days_since_last_login(+)
CUST00265,0.5091320551641008,medium,subscription_plan_Free(+); account_age_days(-); pages_per_session(+)
CUST00266,0.4283900781286444,low,days_since_last_login(-); subscription_plan_Basic(+); region_West(+)
CUST00267,0.4370286566593776,low,days_since_last_login(+); missingindicator_avg_order_value(-); subscription_plan_Premium(-)
CUST00268,0.47416490300101993,medium,subscription_plan_Free(+); device_type_Tablet(-); account_age_days(-)
CUST00269,0.4884856949883275,medium,days_since_last_login(+); subscription_plan_Premium(-); region_South(-)
CUST00270,0.5004850308735781,medium,days_since_last_login(+); device_type_Tablet(-); subscription_plan_Basic(+)
CUST00271,0.4868911671266819,medium,device_type_Tablet(-); account_age_days(+); subscription_plan_Basic(+)
CUST00272,0.4088032456494246,low,subscription_plan_Premium(-); account_age_days(-); days_since_last_login(+)
CUST00273,0.46778469147963386,medium,account_age_days(+); days_since_last_login(-); subscription_plan_Basic(+)
CUST00274,0.5069994286737642,medium,days_since_last_login(+); missingindicator_avg_order_value(-); subscription_plan_Basic(+)
CUST00275,0.4937777265951292,medium,missingindicator_avg_order_value(-); device_type_Desktop(+); subscription_plan_Basic(+)
CUST00276,0.4952224729650128,medium,subscription_plan_Free(+); region_South(-); account_age_days(-)
CUST00277,0.39847431315568044,low,subscription_plan_Enterprise(-); days_since_last_login(+); device_type_Tablet(-)
CUST00278,0.41763244746878225,low,subscription_plan_Free(+); missingindicator_avg_order_value(-); days_since_last_login(-)
CUST00279,0.3359636897220681,low,subscription_plan_Enterprise(-); days_since_last_login(-); missingindicator_pages_per_session(+)
CUST00280,0.5857911582286865,high,subscription_plan_Free(+); days_since_last_login(+); account_age_days(+)
CUST00281,0.4491265880707262,low,days_since_last_login(+); subscription_plan_Premium(-); region_South(-)
CUST00282,0.3937401181557497,low,days_since_last_login(-); account_age_days(-); subscription_plan_Basic(+)
CUST00283,0.476793032135051,medium,subscription_plan_Free(+); device_type_Tablet(-); region_South(-)
CUST00284,0.2876769012725373,low,subscription_plan_Enterprise(-); days_since_last_login(-); region_South(-)
CUST00285,0.4709553976760173,medium,days_since_last_login(+); subscription_plan_Premium(-); account_age_days(+)
CUST00286,0.4327189481805694,low,subscription_plan_Premium(-); account_age_days(+); days_since_last_login(+)
CUST00287,0.44380552846625676,low,missingindicator_avg_order_value(-); support_per_order(+); subscription_plan_Basic(+)
CUST00288,0.46430043510438085,medium,account_age_days(-); subscription_plan_Basic(+); days_since_last_login(+)
CUST00289,0.4055511804951368,low,days_since_last_login(-); missingindicator_monthly_spend(+); region_South(-)
CUST00290,0.34685581201760957,low,subscription_plan_Enterprise(-); days_since_last_login(-); account_age_days(+)
CUST00291,0.47051193960316323,medium,subscription_plan_Free(+); missingindicator_pages_per_session(+); device_type_Tablet(-)
CUST00292,0.5494886897836333,high,subscription_plan_Free(+); days_since_last_login(+); region_South(-)
CUST00293,0.4117252975168558,low,missingindicator_avg_order_value(-); subscription_plan_Premium(-); days_since_last_login(+)
CUST00294,0.45962621149799016,medium,subscription_plan_Basic(+); support_per_order(-); region_North(-)
CUST00295,0.404677174614276,low,subscription_plan_Premium(-); days_since_last_login(-); account_age_days(+)
CUST00296,0.3203832697522754,low,subscription_plan_Enterprise(-); account_age_days(-); days_since_last_login(-)
CUST00297,0.5330128085843697,high,subscription_plan_Free(+); days_since_last_login(+); region_South(-)
CUST00298,0.5374586902308934,high,days_since_last_login(+); missingindicator_monthly_spend(+); account_age_days(-)
CUST00299,0.5454689845598554,high,subscription_plan_Free(+); account_age_days(+); support_per_order(+)
CUST00300,0.5847504527918683,high,subscription_plan_Free(+); missingindicator_pages_per_session(+); device_type_Desktop(+)
CUST00301,0.3852139183474025,low,subscription_plan_Premium(-); device_type_Tablet(-); account_age_days(-)
CUST00302,0.3836647264067109,low,missingindicator_avg_order_value(-); region_South(-); subscription_plan_Basic(+)
CUST00303,0.4888773069588216,medium,missingindicator_pages_per_session(+); region_South(-); device_type_Desktop(+)
CUST00304,0.5084137090981584,medium,subscription_plan_Free(+); days_since_last_login(-); account_age_days(+)
CUST00305,0.5365612445857197,high,subscription_plan_Free(+); days_since_last_login(-); device_type_Desktop(+)
CUST00306,0.5947152258023252,high,subscription_plan_Free(+); days_since_last_login(+); account_age_days(+)
CUST00307,0.46035229605447814,medium,region_South(-); account_age_days(+); subscription_plan_Basic(+)
CUST00308,0.46273159861549856,medium,subscription_plan_Free(+); days_since_last_login(-); region_South(-)
CUST00309,0.4249972783376917,low,days_since_last_login(-); account_age_days(-); support_per_order(+)
CUST00310,0.4180492386744489,low,region_South(-); account_age_days(-); days_since_last_login(-)
CUST00311,0.5296306505876934,high,subscription_plan_Free(+); account_age_days(+); days_since_last_login(-)
CUST00312,0.40777510659390803,low,subscription_plan_Premium(-); days_since_last_login(-); account_age_days(+)
CUST00313,0.5272217619806584,high,days_since_last_login(+); subscription_plan_Basic(+); region_West(+)
CUST00314,0.5387002766203863,high,subscription_plan_Free(+); device_type_Tablet(-); days_since_last_login(+)
CUST00315,0.35992680900018287,low,missingindicator_avg_order_value(-); subscription_plan_Premium(-); account_age_days(-)
CUST00316,0.380259277716721,low,missingindicator_avg_order_value(-); subscription_plan_Premium(-); region_South(-)
CUST00317,0.525821686805461,high,subscription_plan_Free(+); days_since_last_login(-); account_age_days(+)
CUST00318,0.49089562364783984,medium,subscription_plan_Basic(+); support_per_order(+); region_Central(+)
CUST00319,0.5159845532637176,high,days_since_last_login(+); device_type_Desktop(+); subscription_plan_Basic(+)
CUST00320,0.6159771964805009,high,subscription_plan_Free(+); days_since_last_login(+); region_West(+)
CUST00321,0.5269538560390632,high,subscription_plan_Free(+); account_age_days(-); days_since_last_login(-)
CUST00322,0.5350103960339936,high,subscription_plan_Free(+); days_since_last_login(+); region_South(-)
CUST00323,0.5782707650207084,high,subscription_plan_Free(+); account_age_days(+); device_type_Desktop(+)
CUST00324,0.510737374932402,high,subscription_plan_Free(+); days_since_last_login(+); region_South(-)
CUST00325,0.5270538571483364,high,missingindicator_pages_per_session(+); subscription_plan_Basic(+); days_since_last_login(+)
CUST00326,0.3947853006083314,low,days_since_last_login(-); subscription_plan_Premium(-); device_type_Desktop(+)
CUST00327,0.5117200296266989,high,days_since_last_login(+); subscription_plan_Basic(+); account_age_days(-)
CUST00328,0.33945795716447635,low,subscription_plan_Enterprise(-); days_since_last_login(-); region_North(-)
CUST00329,0.4813134496180632,medium,subscription_plan_Basic(+); account_age_days(+); region_North(-)
CUST00330,0.5117569264399106,high,subscription_plan_Free(+); region_South(-); days_since_last_login(+)
CUST00331,0.574329904104545,high,subscription_plan_Free(+); days_since_last_login(+); account_age_days(-)
CUST00332,0.4851173446765092,medium,days_since_last_login(-); device_type_Desktop(+); subscription_plan_Basic(+)
CUST00333,0.3932923958612606,low,days_since_last_login(-); account_age_days(-); subscription_plan_Basic(+)
CUST00334,0.48575190993212775,medium,days_since_last_login(-); device_type_Desktop(+); subscription_plan_Basic(+)
CUST00335,0.4832722045321908,medium,subscription_plan_Free(+); days_since_last_login(-); account_age_days(+)
CUST00336,0.4234908155899271,low,region_South(-); subscription_plan_Basic(+); days_since_last_login(-)
CUST00337,0.49414468188764477,medium,region_South(-); account_age_days(+); device_type_Desktop(+)
CUST00338,0.5138799948059578,high,days_since_last_login(-); missingindicator_monthly_spend(+); account_age_days(+)
CUST00339,0.3846514772572128,low,days_since_last_login(-); subscription_plan_Premium(-); account_age_days(+)
CUST00340,0.3438526861156913,low,days_since_last_login(-); subscription_plan_Premium(-); region_South(-)
CUST00341,0.5600363585140447,high,subscription_plan_Free(+); days_since_last_login(+); device_type_Tablet(-)
CUST00342,0.5404643266503518,high,subscription_plan_Free(+); days_since_last_login(+); account_age_days(-)
CUST00343,0.4275618483505642,low,days_since_last_login(-); subscription_plan_Premium(-); region_West(+)
CUST00344,0.5349793688387731,high,subscription_plan_Free(+); days_since_last_login(+); account_age_days(-)
CUST00345,0.531150637129572,high,subscription_plan_Free(+); days_since_last_login(+); account_age_days(-)
CUST00346,0.4590026928873206,medium,days_since_last_login(-); missingindicator_monthly_spend(+); subscription_plan_Basic(+)
CUST00347,0.5647656716431564,high,subscription_plan_Free(+); days_since_last_login(+); region_South(-)
CUST00348,0.4356442605424434,low,subscription_plan_Premium(-); device_type_Desktop(+); days_since_last_login(+)
CUST00349,0.5574273575308739,high,subscription_plan_Free(+); account_age_days(+); days_since_last_login(+)
CUST00350,0.5819219954700084,high,subscription_plan_Free(+); days_since_last_login(+); device_type_Desktop(+)
CUST00351,0.5156092957229247,high,avg_order_value(+); subscription_plan_Premium(-); account_age_days(+)
CUST00352,0.6198969814394543,high,subscription_plan_Free(+); days_since_last_login(+); device_type_Desktop(+)
CUST00353,0.5368109003312791,high,missingindicator_monthly_spend(+); subscription_plan_Premium(-); days_since_last_login(+)
CUST00354,0.5615675937408187,high,days_since_last_login(+); account_age_days(+); device_type_Desktop(+)
CUST00355,0.5591733015990816,high,subscription_plan_Free(+); days_since_last_login(+); support_per_order(+)
CUST00356,0.4760398872479937,medium,region_South(-); account_age_days(+); days_since_last_login(+)
CUST00357,0.6009691581870042,high,subscription_plan_Free(+); account_age_days(+); region_West(+)
CUST00358,0.5719560346259742,high,subscription_plan_Free(+); missingindicator_monthly_spend(+); days_since_last_login(+)
CUST00359,0.4883489943414835,medium,subscription_plan_Basic(+); days_since_last_login(-); support_per_order(+)
CUST00360,0.47444898392738716,medium,subscription_plan_Free(+); region_South(-); days_since_last_login(-)
CUST00361,0.5789627957664873,high,subscription_plan_Free(+); days_since_last_login(+); missingindicator_pages_per_session(+)
CUST00362,0.4485073146210075,low,subscription_plan_Premium(-); region_South(-); days_since_last_login(+)
CUST00363,0.5147997841349579,high,days_since_last_login(+); subscription_plan_Basic(+); account_age_days(-)
CUST00364,0.5559279492943265,high,subscription_plan_Free(+); region_South(-); days_since_last_login(+)
CUST00365,0.5019894567853302,medium,missingindicator_pages_per_session(+); region_South(-); days_since_last_login(+)
CUST00366,0.5233139577140278,high,days_since_last_login(+); account_age_days(-); subscription_plan_Basic(+)
CUST00367,0.30272768306600145,low,missingindicator_avg_order_value(-); days_since_last_login(-); subscription_plan_Premium(-)
CUST00368,0.6458817247124286,high,subscription_plan_Free(+); missingindicator_monthly_spend(+); days_since_last_login(+)
CUST00369,0.47225005145268717,medium,missingindicator_pages_per_session(+); region_South(-); monthly_spend(+)
CUST00370,0.48236148871963913,medium,subscription_plan_Free(+); days_since_last_login(-); account_age_days(-)
CUST00371,0.3528048247984482,low,subscription_plan_Premium(-); days_since_last_login(-); account_age_days(-)
CUST00372,0.5212088358981334,high,subscription_plan_Free(+); days_since_last_login(-); account_age_days(+)
CUST00373,0.5055980585845401,medium,subscription_plan_Free(+); days_since_last_login(-); region_North(-)
CUST00374,0.5424691365243614,high,subscription_plan_Free(+); account_age_days(+); days_since_last_login(-)
CUST00375,0.4997331836666964,medium,subscription_plan_Free(+); account_age_days(-); pages_per_session(-)
CUST00376,0.41167160315735407,low,days_since_last_login(-); account_age_days(-); device_type_Desktop(+)
CUST00377,0.39292341608664727,low,subscription_plan_Free(+); days_since_last_login(-); missingindicator_avg_order_value(-)
CUST00378,0.42941083454164397,low,avg_order_value(+); days_since_last_login(-); subscription_plan_Premium(-)
CUST00379,0.46646944006808233,medium,subscription_plan_Free(+); days_since_last_login(-); account_age_days(-)
CUST00380,0.43401923031891354,low,subscription_plan_Premium(-); days_since_last_login(+); account_age_days(-)
CUST00381,0.4313370435502285,low,subscription_plan_Premium(-); days_since_last_login(-); account_age_days(+)
CUST00382,0.5929797969485547,high,subscription_plan_Free(+); missingindicator_monthly_spend(+); device_type_Desktop(+)
CUST00383,0.5159313055432434,high,days_since_last_login(+); account_age_days(-); device_type_Desktop(+)
CUST00384,0.3466936524413794,low,days_since_last_login(-); subscription_plan_Premium(-); account_age_days(-)
CUST00385,0.4081684681634769,low,days_since_last_login(-); account_age_days(-); subscription_plan_Basic(+)
CUST00386,0.45089984091346247,low,days_since_last_login(-); subscription_plan_Basic(+); support_per_order(+)
CUST00387,0.5907343702784514,high,subscription_plan_Free(+); account_age_days(+); days_since_last_login(+)
CUST00388,0.3530221815809763,low,subscription_plan_Enterprise(-); account_age_days(-); support_per_order(-)
CUST00389,0.4995447427071539,medium,days_since_last_login(+); subscription_plan_Basic(+); account_age_days(-)
CUST00390,0.5303129922754567,high,subscription_plan_Free(+); days_since_last_login(-); account_age_days(+)
CUST00391,0.35976949875458125,low,days_since_last_login(-); subscription_plan_Premium(-); region_South(-)
CUST00392,0.6142037422760693,high,subscription_plan_Free(+); days_since_last_login(+); account_age_days(+)
CUST00393,0.466928782150427,medium,subscription_plan_Premium(-); account_age_days(+); support_per_order(+)
CUST00394,0.5110410348831481,high,subscription_plan_Free(+); pages_per_session(-); region_North(-)
CUST00395,0.60234906997496,high,subscription_plan_Free(+); days_since_last_login(+); account_age_days(+)
CUST00396,0.3542779052044997,low,subscription_plan_Enterprise(-); account_age_days(-); days_since_last_login(-)
CUST00397,0.34502054098887636,low,subscription_plan_Enterprise(-); region_South(-); account_age_days(-)
CUST00398,0.5331749523495751,high,subscription_plan_Free(+); region_South(-); account_age_days(+)
CUST00399,0.3367362763907294,low,subscription_plan_Enterprise(-); region_South(-); days_since_last_login(-)
CUST00400,0.40571003917294207,low,subscription_plan_Premium(-); region_South(-); account_age_days(+)
CUST00401,0.3740466473238279,low,subscription_plan_Enterprise(-); days_since_last_login(-); support_per_order(-)
CUST00402,0.47990579392038973,medium,account_age_days(-); subscription_plan_Basic(+); region_West(+)
CUST00403,0.3976062370735563,low,subscription_plan_Enterprise(-); days_since_last_login(-); device_type_Desktop(+)
CUST00404,0.476589416903447,medium,subscription_plan_Basic(+); region_West(+); days_since_last_login(-)
CUST00405,0.5516803921770999,high,subscription_plan_Free(+); account_age_days(-); device_type_Desktop(+)
CUST00406,0.5026033352339729,medium,subscription_plan_Free(+); account_age_days(-); device_type_Desktop(+)
CUST00407,0.4970781229597776,medium,days_since_last_login(+); subscription_plan_Premium(-); support_per_order(+)
CUST00408,0.4509448182172873,low,subscription_plan_Premium(-); account_age_days(-); device_type_Desktop(+)
CUST00409,0.49722116117297616,medium,subscription_plan_Free(+); device_type_Tablet(-); days_since_last_login(-)
CUST00410,0.44323657304882697,low,subscription_plan_Premium(-); region_South(-); days_since_last_login(+)
CUST00411,0.5310141262227737,high,subscription_plan_Free(+); account_age_days(+); days_since_last_login(-)
CUST00412,0.47354624018206193,medium,days_since_last_login(+); device_type_Tablet(-); subscription_plan_Basic(+)
CUST00413,0.5654924239715283,high,subscription_plan_Free(+); days_since_last_login(-); account_age_days(+)
CUST00414,0.4546184305700642,low,days_since_last_login(-); subscription_plan_Basic(+); account_age_days(+)
CUST00415,0.5641730181631966,high,subscription_plan_Free(+); days_since_last_login(+); account_age_days(-)
CUST00416,0.513351659469784,high,subscription_plan_Free(+); region_South(-); device_type_Desktop(+)
CUST00417,0.4694608548974143,medium,subscription_plan_Free(+); account_age_days(-); days_since_last_login(-)
CUST00418,0.6198730702747308,high,subscription_plan_Free(+); days_since_last_login(+); support_per_order(+)
CUST00419,0.36051709645171326,low,days_since_last_login(-); subscription_plan_Premium(-); support_per_order(-)
CUST00420,0.4644601208925619,medium,account_age_days(+); days_since_last_login(-); subscription_plan_Basic(+)
CUST00421,0.4432721492678155,low,days_since_last_login(-); subscription_plan_Premium(-); account_age_days(+)
CUST00422,0.44000934769774114,low,subscription_plan_Free(+); days_since_last_login(-); missingindicator_avg_order_value(-)
CUST00423,0.43344135404976897,low,subscription_plan_Premium(-); days_since_last_login(+); support_per_order(-)
CUST00424,0.43219149765182874,low,subscription_plan_Premium(-); account_age_days(+); support_per_order(-)
CUST00425,0.39947826151613397,low,days_since_last_login(-); region_South(-); subscription_plan_Basic(+)
CUST00426,0.39887545227862187,low,subscription_plan_Premium(-); days_since_last_login(-); device_type_Desktop(+)
CUST00427,0.397966714303602,low,subscription_plan_Enterprise(-); account_age_days(+); days_since_last_login(-)
CUST00428,0.4779258991016734,medium,days_since_last_login(+); subscription_plan_Premium(-); region_South(-)
CUST00429,0.4539081566919597,low,missingindicator_monthly_spend(+); days_since_last_login(-); region_South(-)
CUST00430,0.5130321988746533,high,account_age_days(+); subscription_plan_Basic(+); region_Central(+)
CUST00431,0.5000007308111671,medium,subscription_plan_Free(+); missingindicator_pages_per_session(+); region_South(-)
CUST00432,0.5012765172843057,medium,region_South(-); days_since_last_login(+); account_age_days(+)
CUST00433,0.4401397806758142,low,days_since_last_login(+); subscription_plan_Premium(-); account_age_days(-)
CUST00434,0.46915269513949853,medium,subscription_plan_Free(+); days_since_last_login(-); device_type_Desktop(+)
CUST00435,0.5509593569296135,high,subscription_plan_Free(+); support_per_order(+); missingindicator_monthly_spend(+)
CUST00436,0.2827657311840019,low,missingindicator_avg_order_value(-); days_since_last_login(-); subscription_plan_Premium(-)
CUST00437,0.5322397061165149,high,subscription_plan_Free(+); account_age_days(+); days_since_last_login(-)
CUST00438,0.5578101210348576,high,days_since_last_login(+); subscription_plan_Basic(+); region_West(+)
CUST00439,0.5368266342755434,high,days_since_last_login(+); device_type_Desktop(+); subscription_plan_Basic(+)
CUST00440,0.5031519244432185,medium,subscription_plan_Free(+); account_age_days(-); days_since_last_login(-)
CUST00441,0.4927465226039738,medium,subscription_plan_Free(+); device_type_Tablet(-); days_since_last_login(+)
CUST00442,0.4868291116456175,medium,subscription_plan_Free(+); days_since_last_login(-); account_age_days(+)
CUST00443,0.5105865250431276,high,account_age_days(+); subscription_plan_Basic(+); support_per_order(+)
CUST00444,0.42645307625182804,low,subscription_plan_Premium(-); days_since_last_login(+); account_age_days(-)
CUST00445,0.39323220765925876,low,subscription_plan_Premium(-); device_type_Tablet(-); region_South(-)
CUST00446,0.5430662276340884,high,subscription_plan_Free(+); missingindicator_monthly_spend(+); account_age_days(-)
CUST00447,0.4442864923662039,low,missingindicator_avg_order_value(-); missingindicator_pages_per_session(+); account_age_days(-)
CUST00448,0.5899419077136318,high,days_since_last_login(+); account_age_days(+); device_type_Desktop(+)
CUST00449,0.5622768224268533,high,subscription_plan_Free(+); days_since_last_login(+); account_age_days(-)
CUST00450,0.5127782144633047,high,subscription_plan_Free(+); missingindicator_avg_order_value(-); days_since_last_login(-)
CUST00451,0.5375028924360337,high,missingindicator_pages_per_session(+); monthly_spend(+); account_age_days(+)
CUST00452,0.5034863014825535,medium,subscription_plan_Free(+); missingindicator_avg_order_value(-); account_age_days(+)
CUST00453,0.49485875833373305,medium,account_age_days(+); days_since_last_login(-); device_type_Desktop(+)
CUST00454,0.47370550848661985,medium,subscription_plan_Enterprise(-); days_since_last_login(+); account_age_days(+)
CUST00455,0.46552460182302235,medium,subscription_plan_Free(+); days_since_last_login(-); region_North(-)
CUST00456,0.39717048126987275,low,days_since_last_login(-); subscription_plan_Basic(+); account_age_days(-)
CUST00457,0.40383228478636746,low,subscription_plan_Premium(-); days_since_last_login(-); account_age_days(+)
CUST00458,0.4642983542006632,medium,subscription_plan_Free(+); missingindicator_monthly_spend(+); days_since_last_login(-)
CUST00459,0.4807714690609858,medium,subscription_plan_Free(+); days_since_last_login(-); account_age_days(+)
CUST00460,0.5756374006979303,high,subscription_plan_Free(+); days_since_last_login(+); device_type_Desktop(+)
CUST00461,0.34341258536125596,low,subscription_plan_Enterprise(-); days_since_last_login(-); account_age_days(+)
CUST00462,0.4667932800015048,medium,subscription_plan_Premium(-); device_type_Desktop(+); account_age_days(+)
CUST00463,0.45835169736015713,medium,account_age_days(-); subscription_plan_Basic(+); region_West(+)
CUST00464,0.3312624365907343,low,days_since_last_login(-); subscription_plan_Premium(-); region_South(-)
CUST00465,0.5176808657538421,high,subscription_plan_Basic(+); support_per_order(+); account_age_days(+)
CUST00466,0.5585516516821246,high,days_since_last_login(+); account_age_days(+); subscription_plan_Basic(+)
CUST00467,0.5219083661684115,high,subscription_plan_Free(+); days_since_last_login(+); account_age_days(-)
CUST00468,0.49625945556100975,medium,subscription_plan_Premium(-); device_type_Desktop(+); account_age_days(+)
CUST00469,0.6242136068023382,high,subscription_plan_Free(+); missingindicator_monthly_spend(+); days_since_last_login(+)
CUST00470,0.533891161422389,high,subscription_plan_Free(+); days_since_last_login(-); account_age_days(+)
CUST00471,0.4609341307650337,medium,subscription_plan_Free(+); missingindicator_avg_order_value(-); region_South(-)
CUST00472,0.6031420763170389,high,subscription_plan_Free(+); days_since_last_login(+); account_age_days(+)
CUST00473,0.5123651172682341,high,subscription_plan_Free(+); days_since_last_login(+); device_type_Tablet(-)
CUST00474,0.4435244241537739,low,days_since_last_login(-); account_age_days(-); subscription_plan_Basic(+)
CUST00475,0.4790994689956366,medium,avg_order_value(+); region_South(-); account_age_days(-)
CUST00476,0.5123283231703872,high,device_type_Desktop(+); subscription_plan_Basic(+); account_age_days(+)
CUST00477,0.5324582137407862,high,subscription_plan_Free(+); days_since_last_login(-); support_per_order(+)
CUST00478,0.5214573563207058,high,subscription_plan_Free(+); missingindicator_avg_order_value(-); account_age_days(+)
CUST00479,0.4620051723726162,medium,subscription_plan_Free(+); days_since_last_login(-); device_type_Tablet(-)
CUST00480,0.5804139884357211,high,subscription_plan_Free(+); days_since_last_login(+); device_type_Desktop(+)
CUST00481,0.5818951290116775,high,subscription_plan_Free(+); days_since_last_login(+); device_type_Desktop(+)
CUST00482,0.4645135785097791,medium,days_since_last_login(-); account_age_days(+); subscription_plan_Basic(+)
CUST00483,0.4397412257129073,low,subscription_plan_Free(+); region_South(-); missingindicator_days_since_last_login(-)
CUST00484,0.3760445044606329,low,subscription_plan_Enterprise(-); account_age_days(-); device_type_Desktop(+)
CUST00485,0.3697328945939211,low,subscription_plan_Premium(-); account_age_days(-); days_since_last_login(-)
CUST00486,0.5752993171153102,high,subscription_plan_Free(+); days_since_last_login(+); region_South(-)
CUST00487,0.4983261491314135,medium,device_type_Desktop(+); subscription_plan_Basic(+); pages_per_session(+)
CUST00488,0.49143858546298896,medium,missingindicator_monthly_spend(+); subscription_plan_Premium(-); days_since_last_login(+)
CUST00489,0.5801580327974238,high,subscription_plan_Free(+); account_age_days(+); days_since_last_login(+)
CUST00490,0.490938845859595,medium,days_since_last_login(+); region_South(-); subscription_plan_Basic(+)
CUST00491,0.458796297809713,medium,account_age_days(-); subscription_plan_Basic(+); region_North(-)
CUST00492,0.5171605880636267,high,subscription_plan_Free(+); days_since_last_login(-); account_age_days(+)
CUST00493,0.57806734721881,high,subscription_plan_Free(+); days_since_last_login(+); device_type_Desktop(+)
CUST00494,0.5377476836033118,high,subscription_plan_Free(+); days_since_last_login(+); region_South(-)
CUST00495,0.4336143317828676,low,subscription_plan_Free(+); region_South(-); account_age_days(-)
CUST00496,0.4648920944772688,medium,subscription_plan_Free(+); device_type_Tablet(-); pages_per_session(-)
CUST00497,0.49963716845263395,medium,subscription_plan_Free(+); days_since_last_login(-); account_age_days(-)
CUST00498,0.6023506950573747,high,subscription_plan_Free(+); days_since_last_login(+); account_age_days(+)
CUST00499,0.5355166868426161,high,days_since_last_login(+); account_age_days(+); subscription_plan_Basic(+)
CUST00500,0.46347980010431095,medium,missingindicator_recency_ratio(-); missingindicator_account_age_days(-); subscription_plan_Basic(+)
CUST00501,0.33000623964697906,low,days_since_last_login(-); subscription_plan_Premium(-); region_South(-)
CUST00502,0.5492239427559532,high,subscription_plan_Free(+); days_since_last_login(+); account_age_days(+)
CUST00503,0.3754043115284592,low,subscription_plan_Enterprise(-); days_since_last_login(-); missingindicator_monthly_spend(+)
CUST00504,0.3805349816898606,low,days_since_last_login(-); subscription_plan_Premium(-); is_dormant(-)
CUST00505,0.5421151278766068,high,days_since_last_login(+); support_per_order(+); device_type_Desktop(+)
CUST00506,0.39652009078283335,low,subscription_plan_Premium(-); region_South(-); days_since_last_login(-)
CUST00507,0.631436257157798,high,subscription_plan_Free(+); days_since_last_login(+); account_age_days(+)
CUST00508,0.4611585545093047,medium,subscription_plan_Premium(-); days_since_last_login(+); account_age_days(+)
CUST00509,0.4889876673782324,medium,account_age_days(+); subscription_plan_Basic(+); region_North(-)
CUST00510,0.6063380484550789,high,subscription_plan_Free(+); days_since_last_login(+); account_age_days(+)
CUST00511,0.5667589792783712,high,subscription_plan_Free(+); account_age_days(+); days_since_last_login(+)
CUST00512,0.4021535511675792,low,subscription_plan_Premium(-); support_per_order(-); days_since_last_login(-)
CUST00513,0.44337403277917337,low,region_South(-); subscription_plan_Basic(+); account_age_days(-)
CUST00514,0.4455827268831678,low,account_age_days(-); subscription_plan_Basic(+); region_North(-)
CUST00515,0.38585566802121457,low,subscription_plan_Premium(-); days_since_last_login(-); support_per_order(-)
CUST00516,0.5368358632510073,high,subscription_plan_Free(+); device_type_Tablet(-); account_age_days(+)
CUST00517,0.5037094241778968,medium,subscription_plan_Free(+); recency_ratio(-); account_age_days(+)
CUST00518,0.40850501829209984,low,subscription_plan_Enterprise(-); missingindicator_monthly_spend(+); region_South(-)
CUST00519,0.4455559930964024,low,missingindicator_monthly_spend(+); subscription_plan_Premium(-); days_since_last_login(-)
CUST00520,0.47207032569626695,medium,recency_ratio(-); subscription_plan_Free(+); account_age_days(+)
CUST00521,0.42984263631853226,low,subscription_plan_Free(+); days_since_last_login(-); account_age_days(-)
CUST00522,0.50266175556221,medium,subscription_plan_Free(+); account_age_days(-); device_type_Desktop(+)
CUST00523,0.47321319515179716,medium,days_since_last_login(+); subscription_plan_Premium(-); device_type_Tablet(-)
CUST00524,0.48736888590641814,medium,subscription_plan_Free(+); region_South(-); days_since_last_login(-)
CUST00525,0.5841903883740542,high,subscription_plan_Free(+); missingindicator_pages_per_session(+); account_age_days(+)
CUST00526,0.5609323741603001,high,subscription_plan_Free(+); days_since_last_login(+); account_age_days(+)
CUST00527,0.5676913567726423,high,subscription_plan_Free(+); account_age_days(+); days_since_last_login(-)
CUST00528,0.3547100542543911,low,subscription_plan_Enterprise(-); days_since_last_login(-); region_South(-)
CUST00529,0.5117965729382098,high,subscription_plan_Free(+); missingindicator_avg_order_value(-); region_South(-)
CUST00530,0.4539497662170483,low,subscription_plan_Free(+); days_since_last_login(-); account_age_days(-)
CUST00531,0.48480832460831386,medium,subscription_plan_Free(+); account_age_days(-); days_since_last_login(-)
CUST00532,0.531879690601688,high,subscription_plan_Free(+); days_since_last_login(+); account_age_days(-)
CUST00533,0.5526811738556795,high,days_since_last_login(+); account_age_days(+); subscription_plan_Basic(+)
CUST00534,0.5168814177071297,high,subscription_plan_Free(+); region_South(-); account_age_days(+)
CUST00535,0.5417093167285116,high,days_since_last_login(+); device_type_Desktop(+); subscription_plan_Basic(+)
CUST00536,0.37840483345048015,low,subscription_plan_Premium(-); region_South(-); days_since_last_login(-)
CUST00537,0.5702635813627841,high,subscription_plan_Free(+); days_since_last_login(+); region_South(-)
CUST00538,0.5014224437902696,medium,account_age_days(+); subscription_plan_Basic(+); recency_ratio(-)
CUST00539,0.4635433574711382,medium,subscription_plan_Premium(-); region_West(+); account_age_days(+)
CUST00540,0.39731925656999956,low,subscription_plan_Free(+); days_since_last_login(-); region_South(-)
CUST00541,0.49848666269091935,medium,days_since_last_login(+); region_South(-); subscription_plan_Basic(+)
CUST00542,0.48490735145245056,medium,subscription_plan_Free(+); days_since_last_login(-); account_age_days(-)
CUST00543,0.5984578347021209,high,subscription_plan_Free(+); days_since_last_login(+); device_type_Desktop(+)
CUST00544,0.5147310475643864,high,device_type_Desktop(+); subscription_plan_Basic(+); days_since_last_login(+)
CUST00545,0.49588128028225587,medium,subscription_plan_Free(+); account_age_days(-); device_type_Desktop(+)
CUST00546,0.5246584079409138,high,days_since_last_login(+); account_age_days(+); subscription_plan_Basic(+)
CUST00547,0.594839855618277,high,subscription_plan_Free(+); account_age_days(+); days_since_last_login(+)
CUST00548,0.3875457104493042,low,days_since_last_login(-); account_age_days(-); subscription_plan_Basic(+)
CUST00549,0.4922799303163511,medium,days_since_last_login(+); region_South(-); subscription_plan_Basic(+)
CUST00550,0.5292681956229023,high,days_since_last_login(+); region_South(-); account_age_days(+)
CUST00551,0.6135520789656703,high,subscription_plan_Free(+); missingindicator_pages_per_session(+); account_age_days(+)
CUST00552,0.46980874832864217,medium,days_since_last_login(-); device_type_Desktop(+); subscription_plan_Basic(+)
CUST00553,0.5129128324819204,high,account_age_days(+); subscription_plan_Basic(+); region_West(+)
CUST00554,0.6180725060081895,high,avg_order_value(+); account_age_days(+); subscription_plan_Basic(+)
CUST00555,0.4954470885734237,medium,subscription_plan_Free(+); missingindicator_avg_order_value(-); device_type_Desktop(+)
CUST00556,0.34553446874348287,low,subscription_plan_Enterprise(-); region_South(-); days_since_last_login(-)
CUST00557,0.481658157881652,medium,device_type_Desktop(+); subscription_plan_Basic(+); account_age_days(-)
CUST00558,0.4938870176249915,medium,subscription_plan_Free(+); device_type_Tablet(-); region_West(+)
CUST00559,0.4133014848739208,low,days_since_last_login(-); subscription_plan_Basic(+); account_age_days(-)
CUST00560,0.49472491361110327,medium,days_since_last_login(+); subscription_plan_Premium(-); device_type_Desktop(+)
CUST00561,0.49350912469457847,medium,subscription_plan_Free(+); days_since_last_login(-); region_West(+)
CUST00562,0.5180292344279189,high,days_since_last_login(+); region_South(-); account_age_days(+)
CUST00563,0.45460909389208615,low,missingindicator_monthly_spend(+); device_type_Tablet(-); account_age_days(-)
CUST00564,0.49075683859654784,medium,days_since_last_login(-); subscription_plan_Basic(+); account_age_days(+)
CUST00565,0.49457441317901674,medium,subscription_plan_Free(+); region_South(-); account_age_days(-)
CUST00566,0.35487777696794875,low,missingindicator_avg_order_value(-); region_South(-); days_since_last_login(-)
CUST00567,0.534721690879844,high,subscription_plan_Free(+); account_age_days(-); days_since_last_login(+)
CUST00568,0.47257553603416014,medium,subscription_plan_Free(+); account_age_days(-); days_since_last_login(-)
CUST00569,0.4775013839249153,medium,subscription_plan_Enterprise(-); missingindicator_pages_per_session(+); account_age_days(+)
CUST00570,0.3336327539234551,low,missingindicator_avg_order_value(-); subscription_plan_Premium(-); region_South(-)
CUST00571,0.5264335974721837,high,subscription_plan_Free(+); pages_per_session(-); support_per_order(-)
CUST00572,0.4392021904441452,low,subscription_plan_Premium(-); region_West(+); account_age_days(+)
CUST00573,0.4913314965778589,medium,subscription_plan_Free(+); region_South(-); days_since_last_login(-)
CUST00574,0.5735586209532793,high,subscription_plan_Free(+); days_since_last_login(+); account_age_days(-)
CUST00575,0.5770043405973462,high,subscription_plan_Free(+); days_since_last_login(+); account_age_days(+)
CUST00576,0.4695680285178671,medium,subscription_plan_Free(+); device_type_Tablet(-); account_age_days(-)
CUST00577,0.5905631999381167,high,subscription_plan_Free(+); missingindicator_monthly_spend(+); days_since_last_login(-)
CUST00578,0.44637919942612375,low,subscription_plan_Premium(-); days_since_last_login(+); account_age_days(+)
CUST00579,0.5468958173068585,high,subscription_plan_Free(+); missingindicator_monthly_spend(+); missingindicator_avg_order_value(-)
CUST00580,0.48771196353369195,medium,days_since_last_login(-); account_age_days(+); subscription_plan_Basic(+)
CUST00581,0.5879964594411835,high,subscription_plan_Free(+); days_since_last_login(+); support_per_order(+)
CUST00582,0.553118497320352,high,subscription_plan_Free(+); missingindicator_pages_per_session(+); days_since_last_login(-)
CUST00583,0.47243148540780294,medium,subscription_plan_Premium(-); account_age_days(+); device_type_Desktop(+)
CUST00584,0.5039230236844974,medium,subscription_plan_Free(+); region_South(-); days_since_last_login(-)
CUST00585,0.44376705417105294,low,subscription_plan_Free(+); days_since_last_login(-); region_South(-)
CUST00586,0.5197638553289796,high,days_since_last_login(+); device_type_Desktop(+); subscription_plan_Basic(+)
CUST00587,0.6275072567077509,high,subscription_plan_Free(+); days_since_last_login(+); missingindicator_monthly_spend(+)
CUST00588,0.522149087410354,high,missingindicator_pages_per_session(+); account_age_days(-); days_since_last_login(+)
CUST00589,0.39662820754406153,low,subscription_plan_Premium(-); account_age_days(-); region_North(-)
CUST00590,0.3821461764289936,low,days_since_last_login(-); account_age_days(-); subscription_plan_Basic(+)
CUST00591,0.44850489142586103,low,days_since_last_login(-); device_type_Desktop(+); subscription_plan_Basic(+)
CUST00592,0.5168566539232178,high,days_since_last_login(+); subscription_plan_Basic(+); account_age_days(+)
CUST00593,0.6524691499414651,high,avg_order_value(+); subscription_plan_Free(+); region_West(+)
CUST00594,0.47476542212907524,medium,monthly_spend(+); account_age_days(-); subscription_plan_Basic(+)
CUST00595,0.43233926512448206,low,subscription_plan_Premium(-); region_South(-); account_age_days(+)
CUST00596,0.49081708154104975,medium,subscription_plan_Free(+); device_type_Tablet(-); account_age_days(+)
CUST00597,0.439181284812709,low,subscription_plan_Premium(-); region_South(-); days_since_last_login(+)
CUST00598,0.4680295343396068,medium,subscription_plan_Free(+); device_type_Tablet(-); days_since_last_login(-)
CUST00599,0.5632962873361291,high,subscription_plan_Free(+); days_since_last_login(+); missingindicator_avg_order_value(-)
CUST00600,0.45467633252091194,low,subscription_plan_Enterprise(-); days_since_last_login(+); account_age_days(+)
CUST00601,0.5686386428802149,high,subscription_plan_Free(+); days_since_last_login(+); account_age_days(-)
CUST00602,0.5041836709255658,medium,subscription_plan_Free(+); days_since_last_login(-); account_age_days(+)
CUST00603,0.5853664260104707,high,subscription_plan_Free(+); days_since_last_login(+); account_age_days(+)
CUST00604,0.42681178634549555,low,subscription_plan_Free(+); days_since_last_login(-); region_South(-)
CUST00605,0.510190386617235,high,account_age_days(+); device_type_Desktop(+); subscription_plan_Basic(+)
CUST00606,0.4537096097045194,low,days_since_last_login(+); missingindicator_avg_order_value(-); account_age_days(-)
CUST00607,0.5649824414798553,high,subscription_plan_Free(+); account_age_days(+); support_per_order(+)
CUST00608,0.471831985070033,medium,subscription_plan_Free(+); days_since_last_login(-); account_age_days(-)
CUST00609,0.42153271501326073,low,subscription_plan_Premium(-); region_South(-); days_since_last_login(+)
CUST00610,0.47857277449411884,medium,subscription_plan_Free(+); region_South(-); days_since_last_login(-)
CUST00611,0.5548807880115462,high,subscription_plan_Free(+); account_age_days(+); device_type_Mobile(-)
CUST00612,0.5949015481909044,high,subscription_plan_Free(+); days_since_last_login(+); region_West(+)
CUST00613,0.5057942802010171,medium,device_type_Desktop(+); subscription_plan_Basic(+); account_age_days(+)
CUST00614,0.4267157949659313,low,days_since_last_login(+); missingindicator_avg_order_value(-); missingindicator_pages_per_session(+)
CUST00615,0.45942805372649165,medium,subscription_plan_Free(+); region_South(-); days_since_last_login(-)
CUST00616,0.46543322396876885,medium,days_since_last_login(+); missingindicator_avg_order_value(-); account_age_days(-)
CUST00617,0.3794464948867045,low,days_since_last_login(-); missingindicator_pages_per_session(+); device_type_Tablet(-)
CUST00618,0.40220343377563755,low,subscription_plan_Enterprise(-); missingindicator_avg_order_value(-); account_age_days(+)
CUST00619,0.4647266748932547,medium,subscription_plan_Free(+); days_since_last_login(-); region_South(-)
CUST00620,0.5418611602438713,high,subscription_plan_Free(+); region_South(-); days_since_last_login(+)
CUST00621,0.5823609238243794,high,subscription_plan_Free(+); days_since_last_login(+); region_West(+)
CUST00622,0.5179261220518553,high,subscription_plan_Free(+); account_age_days(-); days_since_last_login(+)
CUST00623,0.47430813992144694,medium,subscription_plan_Free(+); region_South(-); days_since_last_login(-)
CUST00624,0.442700931762961,low,subscription_plan_Free(+); days_since_last_login(-); device_type_Tablet(-)
CUST00625,0.4310584618329993,low,subscription_plan_Enterprise(-); account_age_days(+); days_since_last_login(+)
CUST00626,0.4497277568203758,low,subscription_plan_Free(+); days_since_last_login(-); device_type_Tablet(-)
CUST00627,0.45022969159729714,low,account_age_days(-); subscription_plan_Basic(+); region_North(-)
CUST00628,0.4325381588868038,low,subscription_plan_Premium(-); account_age_days(+); pages_per_session(-)
CUST00629,0.5579308574014121,high,subscription_plan_Free(+); account_age_days(+); days_since_last_login(+)
CUST00630,0.5300652598681547,high,subscription_plan_Free(+); days_since_last_login(-); account_age_days(+)
CUST00631,0.33480770139249005,low,subscription_plan_Enterprise(-); days_since_last_login(+); device_type_Tablet(-)
CUST00632,0.5922887275218173,high,subscription_plan_Free(+); days_since_last_login(+); missingindicator_pages_per_session(+)
CUST00633,0.5327304131319457,high,subscription_plan_Free(+); days_since_last_login(+); account_age_days(-)
CUST00634,0.5330289620206067,high,days_since_last_login(+); device_type_Desktop(+); subscription_plan_Basic(+)
CUST00635,0.45243487180465325,low,subscription_plan_Premium(-); account_age_days(+); days_since_last_login(+)
CUST00636,0.5105010109122972,high,days_since_last_login(+); subscription_plan_Premium(-); account_age_days(+)
CUST00637,0.3601666313896594,low,subscription_plan_Enterprise(-); device_type_Tablet(-); days_since_last_login(-)
CUST00638,0.49335894003574066,medium,missingindicator_monthly_spend(+); days_since_last_login(-); device_type_Desktop(+)
CUST00639,0.4175818887636358,low,subscription_plan_Enterprise(-); missingindicator_avg_order_value(-); days_since_last_login(+)
CUST00640,0.3888341718715694,low,subscription_plan_Premium(-); region_South(-); account_age_days(-)
CUST00641,0.473128425421897,medium,subscription_plan_Free(+); missingindicator_monthly_spend(+); missingindicator_avg_order_value(-)
CUST00642,0.3801450184150127,low,days_since_last_login(-); region_South(-); account_age_days(-)
CUST00643,0.5067753129909686,medium,subscription_plan_Free(+); account_age_days(-); device_type_Desktop(+)
CUST00644,0.5000190187003775,medium,subscription_plan_Free(+); days_since_last_login(-); support_per_order(+)
CUST00645,0.5319987199192755,high,subscription_plan_Free(+); device_type_Desktop(+); account_age_days(-)
CUST00646,0.6852501531914744,high,avg_order_value(+); subscription_plan_Free(+); account_age_days(+)
CUST00647,0.49406721075473914,medium,subscription_plan_Basic(+); account_age_days(+); days_since_last_login(-)
CUST00648,0.49302710841040537,medium,subscription_plan_Basic(+); days_since_last_login(+); account_age_days(+)
CUST00649,0.424243470477491,low,subscription_plan_Premium(-); days_since_last_login(-); account_age_days(+)
CUST00650,0.4579930796443887,medium,missingindicator_monthly_spend(+); subscription_plan_Premium(-); account_age_days(-)
CUST00651,0.4975781028321107,medium,account_age_days(-); device_type_Desktop(+); subscription_plan_Basic(+)
CUST00652,0.4912669803252114,medium,subscription_plan_Free(+); days_since_last_login(-); support_per_order(+)
CUST00653,0.43450970451205384,low,subscription_plan_Enterprise(-); account_age_days(+); support_per_order(+)
CUST00654,0.4314892524159287,low,subscription_plan_Premium(-); account_age_days(-); monthly_spend(+)
CUST00655,0.4462284732788463,low,region_South(-); days_since_last_login(+); account_age_days(-)
CUST00656,0.3594568814761191,low,subscription_plan_Enterprise(-); account_age_days(-); device_type_Desktop(+)
CUST00657,0.3855109741329801,low,subscription_plan_Premium(-); region_South(-); account_age_days(+)
CUST00658,0.5339455363259555,high,subscription_plan_Free(+); days_since_last_login(+); account_age_days(-)
CUST00659,0.566869156981411,high,days_since_last_login(+); device_type_Desktop(+); subscription_plan_Basic(+)
CUST00660,0.3920367978430504,low,subscription_plan_Premium(-); days_since_last_login(-); account_age_days(+)
CUST00661,0.4183020798557194,low,subscription_plan_Enterprise(-); days_since_last_login(+); account_age_days(+)
CUST00662,0.48331817261422383,medium,subscription_plan_Free(+); days_since_last_login(-); device_type_Desktop(+)
CUST00663,0.5350726495796758,high,days_since_last_login(+); device_type_Desktop(+); subscription_plan_Basic(+)
CUST00664,0.4796449460492623,medium,days_since_last_login(-); device_type_Desktop(+); subscription_plan_Basic(+)
CUST00665,0.3885993538688376,low,subscription_plan_Enterprise(-); days_since_last_login(-); account_age_days(+)
CUST00666,0.5244490976455811,high,subscription_plan_Free(+); days_since_last_login(-); region_North(-)
CUST00667,0.637927978530187,high,avg_order_value(+); subscription_plan_Free(+); account_age_days(+)
CUST00668,0.5517963034546216,high,subscription_plan_Free(+); missingindicator_avg_order_value(-); days_since_last_login(+)
CUST00669,0.47769272262945267,medium,subscription_plan_Free(+); days_since_last_login(-); account_age_days(+)
CUST00670,0.41645907976324475,low,account_age_days(+); missingindicator_days_since_last_login(-); missingindicator_is_dormant(-)
CUST00671,0.371457772576675,low,device_type_Tablet(-); region_South(-); account_age_days(-)
CUST00672,0.45294198759169274,low,subscription_plan_Free(+); days_since_last_login(-); account_age_days(-)
CUST00673,0.43537114486261574,low,missingindicator_pages_per_session(+); subscription_plan_Premium(-); device_type_Tablet(-)
CUST00674,0.4056784119760133,low,subscription_plan_Premium(-); account_age_days(-); days_since_last_login(+)
CUST00675,0.52540889378232,high,subscription_plan_Free(+); days_since_last_login(-); device_type_Desktop(+)
CUST00676,0.5166741733539272,high,account_age_days(+); subscription_plan_Basic(+); days_since_last_login(+)
CUST00677,0.4757940467715279,medium,account_age_days(-); days_since_last_login(+); subscription_plan_Basic(+)
CUST00678,0.566455937676382,high,subscription_plan_Free(+); days_since_last_login(+); region_South(-)
CUST00679,0.46466119483024027,medium,days_since_last_login(+); subscription_plan_Premium(-); account_age_days(-)
CUST00680,0.5461871162428786,high,subscription_plan_Free(+); missingindicator_pages_per_session(+); device_type_Tablet(-)
CUST00681,0.45697647242181105,low,account_age_days(-); subscription_plan_Basic(+); pages_per_session(-)
CUST00682,0.47606449303647225,medium,missingindicator_pages_per_session(+); subscription_plan_Premium(-); account_age_days(-)
CUST00683,0.4253926479705473,low,subscription_plan_Premium(-); region_South(-); days_since_last_login(+)
CUST00684,0.5409625027692531,high,days_since_last_login(+); subscription_plan_Basic(+); region_West(+)
CUST00685,0.4328805678139752,low,days_since_last_login(-); missingindicator_pages_per_session(+); account_age_days(-)
CUST00686,0.46274509219719945,medium,subscription_plan_Free(+); days_since_last_login(-); device_type_Tablet(-)
CUST00687,0.46441236295937494,medium,days_since_last_login(+); region_South(-); account_age_days(-)
CUST00688,0.4677667279107312,medium,subscription_plan_Basic(+); days_since_last_login(-); region_North(-)
CUST00689,0.5186647552098359,high,subscription_plan_Free(+); days_since_last_login(-); missingindicator_pages_per_session(+)
CUST00690,0.6443764067872889,high,subscription_plan_Free(+); days_since_last_login(+); monthly_spend(+)
CUST00691,0.40130717327243637,low,days_since_last_login(-); device_type_Tablet(-); subscription_plan_Basic(+)
CUST00692,0.4034538316325362,low,device_type_Tablet(-); account_age_days(-); subscription_plan_Basic(+)
CUST00693,0.5062303601697294,medium,subscription_plan_Free(+); missingindicator_pages_per_session(+); region_South(-)
CUST00694,0.5209243889158166,high,days_since_last_login(+); subscription_plan_Premium(-); device_type_Desktop(+)
CUST00695,0.4581360107784288,medium,subscription_plan_Enterprise(-); days_since_last_login(+); region_South(-)
CUST00696,0.5669812447726934,high,subscription_plan_Free(+); device_type_Desktop(+); account_age_days(+)
CUST00697,0.5754315695307799,high,subscription_plan_Free(+); missingindicator_pages_per_session(+); account_age_days(-)
CUST00698,0.5449427200494537,high,subscription_plan_Free(+); days_since_last_login(+); region_South(-)
CUST00699,0.4247545859261811,low,subscription_plan_Free(+); account_age_days(-); missingindicator_is_dormant(-)
CUST00700,0.44948550269728715,low,missingindicator_avg_order_value(-); account_age_days(+); subscription_plan_Basic(+)
CUST00701,0.5927930363807039,high,subscription_plan_Free(+); days_since_last_login(+); device_type_Desktop(+)
CUST00702,0.4841270782127648,medium,missingindicator_monthly_spend(+); region_South(-); subscription_plan_Basic(+)
CUST00703,0.46739641633881046,medium,days_since_last_login(-); device_type_Desktop(+); subscription_plan_Basic(+)
CUST00704,0.5378078697947216,high,subscription_plan_Free(+); days_since_last_login(-); device_type_Desktop(+)
CUST00705,0.3820798649695847,low,subscription_plan_Premium(-); device_type_Tablet(-); account_age_days(-)
CUST00706,0.5746935873891362,high,subscription_plan_Free(+); days_since_last_login(+); account_age_days(-)
CUST00707,0.3711697232996947,low,subscription_plan_Enterprise(-); days_since_last_login(-); support_per_order(-)
CUST00708,0.5673628432773139,high,subscription_plan_Free(+); days_since_last_login(+); account_age_days(-)
CUST00709,0.5578005499277309,high,subscription_plan_Free(+); days_since_last_login(+); region_South(-)
CUST00710,0.4242711822716747,low,account_age_days(-); subscription_plan_Basic(+); pages_per_session(-)
CUST00711,0.4892214793328059,medium,subscription_plan_Free(+); days_since_last_login(-); region_West(+)
CUST00712,0.4916076027624646,medium,subscription_plan_Free(+); region_South(-); pages_per_session(+)
CUST00713,0.5382654191806283,high,subscription_plan_Free(+); days_since_last_login(-); device_type_Desktop(+)
CUST00714,0.44485892630440504,low,device_type_Tablet(-); subscription_plan_Basic(+); days_since_last_login(+)
CUST00715,0.5304682903247799,high,days_since_last_login(+); device_type_Desktop(+); subscription_plan_Basic(+)
CUST00716,0.48901176032125493,medium,days_since_last_login(+); device_type_Tablet(-); subscription_plan_Basic(+)
CUST00717,0.4313541048456277,low,subscription_plan_Free(+); days_since_last_login(-); account_age_days(-)
CUST00718,0.4406784345315877,low,device_type_Tablet(-); subscription_plan_Basic(+); account_age_days(-)
CUST00719,0.5477588436591218,high,subscription_plan_Free(+); days_since_last_login(+); region_South(-)
CUST00720,0.4333792506810437,low,subscription_plan_Free(+); days_since_last_login(-); account_age_days(-)
CUST00721,0.5912000218971059,high,subscription_plan_Free(+); days_since_last_login(+); device_type_Desktop(+)
CUST00722,0.47890451097255166,medium,days_since_last_login(+); region_South(-); subscription_plan_Basic(+)
CUST00723,0.3634880489131869,low,subscription_plan_Enterprise(-); days_since_last_login(-); device_type_Desktop(+)
CUST00724,0.4460569237768627,low,subscription_plan_Premium(-); account_age_days(+); region_North(-)
CUST00725,0.4961936864353037,medium,days_since_last_login(+); device_type_Tablet(-); account_age_days(+)
CUST00726,0.503288985393973,medium,days_since_last_login(+); subscription_plan_Basic(+); account_age_days(+)
CUST00727,0.5244421374900166,high,account_age_days(+); days_since_last_login(+); subscription_plan_Basic(+)
CUST00728,0.4328021484610177,low,subscription_plan_Enterprise(-); days_since_last_login(+); account_age_days(-)
CUST00729,0.5131386255965199,high,subscription_plan_Free(+); region_South(-); days_since_last_login(+)
CUST00730,0.5724033391896419,high,subscription_plan_Free(+); days_since_last_login(+); account_age_days(-)
CUST00731,0.47128975000392803,medium,region_South(-); subscription_plan_Basic(+); account_age_days(+)
CUST00732,0.5762065876437301,high,subscription_plan_Free(+); days_since_last_login(+); region_North(-)
CUST00733,0.4800785970687268,medium,subscription_plan_Free(+); device_type_Tablet(-); days_since_last_login(-)
CUST00734,0.30715754256743927,low,subscription_plan_Enterprise(-); days_since_last_login(-); missingindicator_avg_order_value(-)
CUST00735,0.5629467353968193,high,subscription_plan_Free(+); device_type_Desktop(+); days_since_last_login(+)
CUST00736,0.453403744446821,low,days_since_last_login(+); subscription_plan_Premium(-); account_age_days(-)
CUST00737,0.4655846383798167,medium,missingindicator_monthly_spend(+); region_South(-); subscription_plan_Basic(+)
CUST00738,0.5443545670683404,high,account_age_days(+); subscription_plan_Basic(+); region_West(+)
CUST00739,0.5591707224460454,high,subscription_plan_Free(+); device_type_Desktop(+); days_since_last_login(-)
CUST00740,0.5728564760391566,high,subscription_plan_Free(+); days_since_last_login(+); account_age_days(-)
CUST00741,0.4348921042566449,low,subscription_plan_Premium(-); region_South(-); account_age_days(+)
CUST00742,0.48934945685428116,medium,days_since_last_login(+); subscription_plan_Premium(-); region_South(-)
CUST00743,0.549910531464231,high,subscription_plan_Free(+); missingindicator_pages_per_session(+); device_type_Tablet(-)
CUST00744,0.44260141873402964,low,account_age_days(-); subscription_plan_Basic(+); device_type_Mobile(-)
CUST00745,0.36520630991997916,low,subscription_plan_Enterprise(-); days_since_last_login(+); missingindicator_avg_order_value(-)
CUST00746,0.394822297471419,low,subscription_plan_Premium(-); days_since_last_login(-); account_age_days(-)
CUST00747,0.5077450575382112,medium,subscription_plan_Free(+); missingindicator_days_since_last_login(-); missingindicator_is_dormant(-)
CUST00748,0.46378628718717857,medium,subscription_plan_Free(+); days_since_last_login(+); device_type_Tablet(-)
CUST00749,0.4865187986759715,medium,days_since_last_login(-); support_per_order(+); subscription_plan_Basic(+)
CUST00750,0.5220160969434569,high,subscription_plan_Free(+); account_age_days(+); days_since_last_login(-)
CUST00751,0.4909853643265286,medium,days_since_last_login(+); missingindicator_pages_per_session(+); subscription_plan_Premium(-)
CUST00752,0.4999921023044903,medium,days_since_last_login(+); subscription_plan_Basic(+); account_age_days(-)
CUST00753,0.47469883992119116,medium,days_since_last_login(+); subscription_plan_Premium(-); support_per_order(-)
CUST00754,0.4945022174494563,medium,subscription_plan_Free(+); days_since_last_login(-); device_type_Desktop(+)
CUST00755,0.44297165063229266,low,days_since_last_login(-); subscription_plan_Basic(+); account_age_days(-)
CUST00756,0.4890945059590347,medium,subscription_plan_Free(+); missingindicator_monthly_spend(+); device_type_Tablet(-)
CUST00757,0.4587698404781193,medium,subscription_plan_Premium(-); account_age_days(+); days_since_last_login(+)
CUST00758,0.4379964766538986,low,subscription_plan_Premium(-); account_age_days(-); days_since_last_login(+)
CUST00759,0.5317258023502927,high,subscription_plan_Free(+); days_since_last_login(-); account_age_days(+)
CUST00760,0.4391817949383799,low,recency_ratio(-); subscription_plan_Premium(-); account_age_days(+)
CUST00761,0.4350429326650403,low,days_since_last_login(-); device_type_Desktop(+); subscription_plan_Basic(+)
CUST00762,0.5377186443788053,high,subscription_plan_Free(+); missingindicator_monthly_spend(+); region_South(-)
CUST00763,0.5237774883748529,high,subscription_plan_Free(+); region_South(-); device_type_Desktop(+)
CUST00764,0.4875822806283942,medium,days_since_last_login(-); support_per_order(+); device_type_Desktop(+)
CUST00765,0.46083856994728317,medium,subscription_plan_Free(+); days_since_last_login(-); device_type_Tablet(-)
CUST00766,0.5288698324351941,high,subscription_plan_Free(+); missingindicator_monthly_spend(+); region_South(-)
CUST00767,0.5214916381716402,high,subscription_plan_Free(+); days_since_last_login(+); account_age_days(-)
CUST00768,0.5894631117375514,high,subscription_plan_Free(+); account_age_days(+); days_since_last_login(+)
CUST00769,0.4414531907974141,low,account_age_days(-); days_since_last_login(-); device_type_Desktop(+)
CUST00770,0.47049803592120076,medium,days_since_last_login(+); region_South(-); account_age_days(-)
CUST00771,0.3278574187958157,low,subscription_plan_Enterprise(-); days_since_last_login(-); region_South(-)
CUST00772,0.5123029584643788,high,subscription_plan_Free(+); days_since_last_login(+); device_type_Tablet(-)
CUST00773,0.5394178831575449,high,subscription_plan_Free(+); account_age_days(-); device_type_Desktop(+)
CUST00774,0.3631482079256317,low,subscription_plan_Enterprise(-); region_South(-); account_age_days(+)
CUST00775,0.4501843879971695,low,missingindicator_monthly_spend(+); subscription_plan_Premium(-); account_age_days(-)
CUST00776,0.4199710645441449,low,device_type_Tablet(-); region_South(-); subscription_plan_Basic(+)
CUST00777,0.30556723118913875,low,subscription_plan_Enterprise(-); region_South(-); account_age_days(-)
CUST00778,0.4816214897630372,medium,days_since_last_login(+); account_age_days(-); subscription_plan_Basic(+)
CUST00779,0.45047774579577915,low,days_since_last_login(+); subscription_plan_Premium(-); region_South(-)
CUST00780,0.4598858483826479,medium,region_South(-); subscription_plan_Basic(+); days_since_last_login(+)
CUST00781,0.3063909347940042,low,subscription_plan_Enterprise(-); days_since_last_login(-); region_South(-)
CUST00782,0.5950703502420682,high,avg_order_value(+); subscription_plan_Free(+); days_since_last_login(-)
CUST00783,0.49922789404274936,medium,days_since_last_login(+); account_age_days(-); subscription_plan_Basic(+)
CUST00784,0.46815289140275673,medium,missingindicator_recency_ratio(-); missingindicator_account_age_days(-); device_type_Desktop(+)
CUST00785,0.4335814794500714,low,days_since_last_login(-); device_type_Desktop(+); subscription_plan_Basic(+)
CUST00786,0.5177286557274561,high,subscription_plan_Free(+); days_since_last_login(-); monthly_spend(+)
CUST00787,0.3278419758753317,low,subscription_plan_Enterprise(-); days_since_last_login(-); device_type_Tablet(-)
CUST00788,0.49587756379632913,medium,days_since_last_login(+); subscription_plan_Premium(-); device_type_Desktop(+)
CUST00789,0.5153168992418119,high,subscription_plan_Free(+); region_South(-); days_since_last_login(+)
CUST00790,0.4058576255346331,low,days_since_last_login(-); subscription_plan_Premium(-); account_age_days(+)
CUST00791,0.40641038937824875,low,subscription_plan_Premium(-); account_age_days(-); days_since_last_login(-)
CUST00792,0.5642201905558348,high,subscription_plan_Free(+); account_age_days(+); days_since_last_login(+)
CUST00793,0.5647441606354424,high,subscription_plan_Free(+); days_since_last_login(+); support_per_order(+)
CUST00794,0.47050557223738687,medium,days_since_last_login(-); missingindicator_monthly_spend(+); account_age_days(+)
CUST00795,0.4215369726590598,low,subscription_plan_Enterprise(-); missingindicator_pages_per_session(+); region_South(-)
CUST00796,0.4968190186224434,medium,days_since_last_login(+); subscription_plan_Premium(-); account_age_days(+)
CUST00797,0.6307787616946277,high,avg_order_value(+); subscription_plan_Free(+); account_age_days(-)
CUST00798,0.5670939966342621,high,subscription_plan_Free(+); days_since_last_login(+); account_age_days(-)
CUST00799,0.5559449783058458,high,subscription_plan_Free(+); days_since_last_login(+); region_South(-)
CUST00800,0.40301408350094314,low,missingindicator_avg_order_value(-); subscription_plan_Premium(-); region_South(-)
CUST00801,0.5393258419637311,high,subscription_plan_Free(+); days_since_last_login(+); region_South(-)
CUST00802,0.49784907134702855,medium,subscription_plan_Free(+); days_since_last_login(-); account_age_days(+)
CUST00803,0.5466477263195284,high,subscription_plan_Free(+); days_since_last_login(+); account_age_days(-)
CUST00804,0.45236358833451895,low,subscription_plan_Free(+); days_since_last_login(-); region_South(-)
CUST00805,0.4101468055481662,low,subscription_plan_Premium(-); days_since_last_login(-); region_North(-)
CUST00806,0.531716204399107,high,account_age_days(+); device_type_Desktop(+); subscription_plan_Basic(+)
CUST00807,0.5383333510404549,high,subscription_plan_Free(+); region_South(-); days_since_last_login(+)
CUST00808,0.49171369748577776,medium,days_since_last_login(+); subscription_plan_Basic(+); account_age_days(-)
CUST00809,0.5139554154396709,high,account_age_days(+); subscription_plan_Basic(+); region_North(-)
CUST00810,0.5761926620042861,high,subscription_plan_Free(+); days_since_last_login(+); device_type_Desktop(+)
CUST00811,0.46894729890337017,medium,region_South(-); subscription_plan_Basic(+); account_age_days(+)
CUST00812,0.47329304349446416,medium,missingindicator_pages_per_session(+); subscription_plan_Premium(-); device_type_Desktop(+)
CUST00813,0.5011394640174129,medium,days_since_last_login(+); subscription_plan_Basic(+); account_age_days(-)
CUST00814,0.4481115020253731,low,region_South(-); account_age_days(+); subscription_plan_Basic(+)
CUST00815,0.5124410567880108,high,days_since_last_login(+); subscription_plan_Basic(+); region_North(-)
CUST00816,0.47354143883783156,medium,days_since_last_login(-); account_age_days(+); device_type_Desktop(+)
CUST00817,0.3912362586236748,low,missingindicator_days_since_last_login(-); missingindicator_is_dormant(-); missingindicator_recency_ratio(-)
CUST00818,0.41310790725336527,low,subscription_plan_Premium(-); device_type_Tablet(-); days_since_last_login(+)
CUST00819,0.5371672308482313,high,subscription_plan_Free(+); region_West(+); support_per_order(-)
CUST00820,0.48716618539443973,medium,region_South(-); device_type_Desktop(+); account_age_days(+)
CUST00821,0.49969688170367227,medium,subscription_plan_Free(+); missingindicator_avg_order_value(-); region_West(+)
CUST00822,0.39267448606994204,low,subscription_plan_Enterprise(-); region_West(+); account_age_days(-)
CUST00823,0.49261929476113897,medium,subscription_plan_Free(+); region_South(-); account_age_days(+)
CUST00824,0.4265948915123928,low,account_age_days(-); days_since_last_login(-); subscription_plan_Basic(+)
CUST00825,0.44265213604658565,low,days_since_last_login(-); device_type_Desktop(+); subscription_plan_Basic(+)
CUST00826,0.6515495224033586,high,avg_order_value(+); subscription_plan_Free(+); region_South(-)
CUST00827,0.4206275531035266,low,subscription_plan_Premium(-); account_age_days(-); support_per_order(+)
CUST00828,0.6227667756910743,high,support_per_order(+); account_age_days(+); device_type_Desktop(+)
CUST00829,0.4653571177505217,medium,subscription_plan_Free(+); days_since_last_login(-); account_age_days(-)
CUST00830,0.4817360087985523,medium,days_since_last_login(+); account_age_days(-); subscription_plan_Basic(+)
CUST00831,0.4771679030254467,medium,subscription_plan_Free(+); days_since_last_login(-); region_Central(+)
CUST00832,0.5593963296666231,high,subscription_plan_Free(+); days_since_last_login(+); account_age_days(-)
CUST00833,0.41924761728506577,low,subscription_plan_Free(+); days_since_last_login(-); region_South(-)
CUST00834,0.4390909429458132,low,subscription_plan_Premium(-); days_since_last_login(+); account_age_days(-)
CUST00835,0.5002700579981594,medium,subscription_plan_Free(+); region_South(-); account_age_days(-)
CUST00836,0.47584110493645104,medium,subscription_plan_Free(+); days_since_last_login(-); account_age_days(-)
CUST00837,0.40851549377347557,low,region_South(-); account_age_days(-); days_since_last_login(-)
CUST00838,0.48254669916364434,medium,missingindicator_monthly_spend(+); device_type_Tablet(-); days_since_last_login(-)
CUST00839,0.4988883287663389,medium,subscription_plan_Free(+); days_since_last_login(+); region_South(-)
CUST00840,0.38909252263286354,low,days_since_last_login(-); account_age_days(-); subscription_plan_Basic(+)
CUST00841,0.5639814697287497,high,subscription_plan_Free(+); missingindicator_monthly_spend(+); region_South(-)
CUST00842,0.4662709213589384,medium,subscription_plan_Free(+); region_South(-); days_since_last_login(-)
CUST00843,0.41192347529879675,low,subscription_plan_Premium(-); days_since_last_login(-); region_West(+)
CUST00844,0.41718700379386026,low,days_since_last_login(-); subscription_plan_Basic(+); pages_per_session(+)
CUST00845,0.5100510818055037,high,subscription_plan_Free(+); missingindicator_pages_per_session(+); device_type_Tablet(-)
CUST00846,0.5777239923772081,high,subscription_plan_Free(+); account_age_days(+); days_since_last_login(+)
CUST00847,0.5464625949434989,high,missingindicator_monthly_spend(+); device_type_Desktop(+); subscription_plan_Basic(+)
CUST00848,0.47802970114116083,medium,days_since_last_login(-); device_type_Desktop(+); subscription_plan_Basic(+)
CUST00849,0.6119102350069776,high,subscription_plan_Free(+); missingindicator_monthly_spend(+); account_age_days(+)
CUST00850,0.4831160163491832,medium,subscription_plan_Free(+); days_since_last_login(-); account_age_days(+)
CUST00851,0.4443662005019332,low,subscription_plan_Free(+); device_type_Tablet(-); region_South(-)
CUST00852,0.4332209184030725,low,missingindicator_avg_order_value(-); account_age_days(-); subscription_plan_Basic(+)
CUST00853,0.4395648410279914,low,subscription_plan_Free(+); device_type_Tablet(-); region_South(-)
CUST00854,0.5358924592947643,high,subscription_plan_Free(+); monthly_spend(+); account_age_days(-)
CUST00855,0.5967388004608459,high,subscription_plan_Free(+); avg_order_value(+); pages_per_session(-)
CUST00856,0.5118010202061039,high,days_since_last_login(+); subscription_plan_Premium(-); device_type_Desktop(+)
CUST00857,0.40806840843385184,low,subscription_plan_Free(+); device_type_Tablet(-); missingindicator_days_since_last_login(-)
CUST00858,0.40932896864287355,low,subscription_plan_Premium(-); region_South(-); days_since_last_login(+)
CUST00859,0.487426547805612,medium,days_since_last_login(+); subscription_plan_Basic(+); pages_per_session(-)
CUST00860,0.558889635502322,high,subscription_plan_Free(+); days_since_last_login(+); device_type_Desktop(+)
CUST00861,0.4310431198893892,low,subscription_plan_Enterprise(-); days_since_last_login(+); device_type_Tablet(-)
CUST00862,0.4854123133705729,medium,subscription_plan_Free(+); days_since_last_login(-); support_per_order(-)
CUST00863,0.4808937385022575,medium,region_South(-); device_type_Desktop(+); subscription_plan_Basic(+)
CUST00864,0.6031809978931288,high,subscription_plan_Free(+); days_since_last_login(+); support_per_order(+)
CUST00865,0.4336253337464225,low,subscription_plan_Premium(-); device_type_Desktop(+); days_since_last_login(-)
CUST00866,0.5221896331359961,high,days_since_last_login(+); device_type_Desktop(+); subscription_plan_Basic(+)
CUST00867,0.4963464033433852,medium,subscription_plan_Free(+); region_South(-); account_age_days(-)
CUST00868,0.5278827749011944,high,days_since_last_login(+); device_type_Desktop(+); subscription_plan_Basic(+)
CUST00869,0.5224497283382583,high,subscription_plan_Free(+); support_per_order(-); region_North(-)
CUST00870,0.4625380640501778,medium,subscription_plan_Free(+); days_since_last_login(-); account_age_days(-)
CUST00871,0.34078464184898993,low,subscription_plan_Premium(-); region_South(-); days_since_last_login(-)
CUST00872,0.36308595654691184,low,days_since_last_login(-); subscription_plan_Premium(-); region_South(-)
CUST00873,0.39930242391575,low,recency_ratio(-); account_age_days(+); device_type_Desktop(+)
CUST00874,0.5212563906165181,high,subscription_plan_Free(+); region_South(-); days_since_last_login(+)
CUST00875,0.45971552913778807,medium,days_since_last_login(-); account_age_days(+); subscription_plan_Basic(+)
CUST00876,0.5133740695490364,high,device_type_Desktop(+); subscription_plan_Basic(+); region_West(+)
CUST00877,0.42173574105768463,low,subscription_plan_Premium(-); region_South(-); account_age_days(+)
CUST00878,0.4823695841541312,medium,subscription_plan_Free(+); region_South(-); days_since_last_login(-)
CUST00879,0.40559940059759214,low,days_since_last_login(-); region_South(-); subscription_plan_Basic(+)
CUST00880,0.41081639021299265,low,subscription_plan_Premium(-); region_South(-); account_age_days(+)
CUST00881,0.47886195068308657,medium,subscription_plan_Free(+); days_since_last_login(-); account_age_days(-)
CUST00882,0.5508446728889609,high,subscription_plan_Free(+); region_West(+); days_since_last_login(+)
CUST00883,0.4425835794136564,low,account_age_days(-); subscription_plan_Basic(+); region_North(-)
CUST00884,0.45584831752753113,low,subscription_plan_Free(+); region_South(-); account_age_days(-)
CUST00885,0.5527301090736436,high,subscription_plan_Free(+); account_age_days(+); pages_per_session(+)
CUST00886,0.5120717820253591,high,subscription_plan_Free(+); missingindicator_avg_order_value(-); device_type_Desktop(+)
CUST00887,0.3994510486295953,low,missingindicator_days_since_last_login(-); missingindicator_is_dormant(-); missingindicator_recency_ratio(-)
CUST00888,0.5424262921916935,high,days_since_last_login(+); missingindicator_pages_per_session(+); region_South(-)
CUST00889,0.5828816925150827,high,subscription_plan_Free(+); days_since_last_login(+); device_type_Desktop(+)
CUST00890,0.4825435818528935,medium,subscription_plan_Free(+); days_since_last_login(-); account_age_days(+)
CUST00891,0.35420985740763544,low,subscription_plan_Enterprise(-); region_South(-); days_since_last_login(+)
CUST00892,0.517174760872629,high,days_since_last_login(+); region_South(-); account_age_days(+)
CUST00893,0.4657176144843532,medium,subscription_plan_Free(+); device_type_Tablet(-); region_South(-)
CUST00894,0.47099592554084097,medium,subscription_plan_Free(+); days_since_last_login(-); device_type_Desktop(+)
CUST00895,0.4977693319922529,medium,subscription_plan_Free(+); days_since_last_login(-); account_age_days(+)
CUST00896,0.5480237005854448,high,subscription_plan_Free(+); account_age_days(+); region_North(-)
CUST00897,0.48040946308332766,medium,subscription_plan_Free(+); days_since_last_login(-); account_age_days(-)
CUST00898,0.4790201251145005,medium,device_type_Desktop(+); subscription_plan_Basic(+); account_age_days(-)
CUST00899,0.5865990493255842,high,avg_order_value(+); days_since_last_login(+); subscription_plan_Premium(-)
CUST00900,0.5303403553379927,high,subscription_plan_Free(+); missingindicator_pages_per_session(+); region_South(-)
CUST00901,0.5116406914794542,high,missingindicator_monthly_spend(+); days_since_last_login(-); account_age_days(+)
CUST00902,0.5306479383181297,high,subscription_plan_Free(+); account_age_days(-); device_type_Desktop(+)
CUST00903,0.5193933522732935,high,account_age_days(-); days_since_last_login(+); device_type_Desktop(+)
CUST00904,0.5017821897524252,medium,account_age_days(-); device_type_Desktop(+); subscription_plan_Basic(+)
CUST00905,0.49353849799108646,medium,subscription_plan_Free(+); days_since_last_login(-); device_type_Desktop(+)
CUST00906,0.4830955955083379,medium,days_since_last_login(-); missingindicator_pages_per_session(+); account_age_days(-)
CUST00907,0.5234925975735163,high,subscription_plan_Free(+); account_age_days(+); days_since_last_login(-)
CUST00908,0.473459176242343,medium,subscription_plan_Enterprise(-); days_since_last_login(+); device_type_Desktop(+)
CUST00909,0.5258042341559873,high,subscription_plan_Free(+); days_since_last_login(-); account_age_days(+)
CUST00910,0.5569374969774037,high,subscription_plan_Free(+); days_since_last_login(+); account_age_days(-)
CUST00911,0.3969156822766952,low,subscription_plan_Free(+); days_since_last_login(-); missingindicator_avg_order_value(-)
CUST00912,0.4068905824775714,low,device_type_Tablet(-); region_South(-); account_age_days(-)
CUST00913,0.5982085350138919,high,subscription_plan_Free(+); account_age_days(+); days_since_last_login(+)
CUST00914,0.5398426926150972,high,days_since_last_login(+); device_type_Desktop(+); subscription_plan_Basic(+)
CUST00915,0.48184467048685853,medium,subscription_plan_Free(+); days_since_last_login(-); account_age_days(-)
CUST00916,0.4604289288493998,medium,subscription_plan_Free(+); days_since_last_login(-); account_age_days(-)
CUST00917,0.4949000454328111,medium,subscription_plan_Free(+); days_since_last_login(-); missingindicator_monthly_spend(+)
CUST00918,0.620793118717766,high,avg_order_value(+); subscription_plan_Free(+); account_age_days(+)
CUST00919,0.4590132895102764,medium,days_since_last_login(-); support_per_order(+); subscription_plan_Basic(+)
CUST00920,0.4695821784359978,medium,subscription_plan_Free(+); region_South(-); account_age_days(-)
CUST00921,0.43015969535635074,low,subscription_plan_Free(+); missingindicator_days_since_last_login(-); missingindicator_is_dormant(-)
CUST00922,0.4711845173207035,medium,days_since_last_login(-); device_type_Desktop(+); subscription_plan_Basic(+)
CUST00923,0.45913799331655725,medium,subscription_plan_Premium(-); account_age_days(+); days_since_last_login(+)
CUST00924,0.49589650046044575,medium,subscription_plan_Free(+); account_age_days(-); days_since_last_login(-)
CUST00925,0.3716981420299816,low,device_type_Tablet(-); days_since_last_login(-); account_age_days(-)
CUST00926,0.413820609057852,low,region_South(-); subscription_plan_Basic(+); days_since_last_login(-)
CUST00927,0.49984749360755576,medium,subscription_plan_Free(+); account_age_days(-); pages_per_session(+)
CUST00928,0.4523522795199117,low,subscription_plan_Premium(-); account_age_days(+); days_since_last_login(+)
CUST00929,0.5017783677927472,medium,support_per_order(+); device_type_Desktop(+); subscription_plan_Basic(+)
CUST00930,0.5503130734635292,high,account_age_days(+); device_type_Desktop(+); subscription_plan_Basic(+)
CUST00931,0.46457021657003617,medium,subscription_plan_Premium(-); days_since_last_login(+); device_type_Desktop(+)
CUST00932,0.5372024274716211,high,subscription_plan_Free(+); device_type_Tablet(-); account_age_days(+)
CUST00933,0.5396168108779459,high,subscription_plan_Free(+); days_since_last_login(+); missingindicator_avg_order_value(-)
CUST00934,0.5363332368098106,high,account_age_days(+); device_type_Desktop(+); subscription_plan_Basic(+)
CUST00935,0.46073762834969106,medium,device_type_Tablet(-); days_since_last_login(-); account_age_days(+)
CUST00936,0.5359723051811798,high,days_since_last_login(+); subscription_plan_Basic(+); region_North(-)
CUST00937,0.4467770372972817,low,subscription_plan_Free(+); device_type_Tablet(-); region_South(-)
CUST00938,0.45683420445357503,low,device_type_Desktop(+); account_age_days(-); subscription_plan_Basic(+)
CUST00939,0.5694394206605692,high,subscription_plan_Free(+); days_since_last_login(+); account_age_days(-)
CUST00940,0.5488187689150794,high,subscription_plan_Free(+); support_per_order(+); days_since_last_login(-)
CUST00941,0.5656533543623825,high,subscription_plan_Free(+); days_since_last_login(+); account_age_days(-)
CUST00942,0.3931694709907402,low,subscription_plan_Premium(-); account_age_days(-); days_since_last_login(-)
CUST00943,0.4953018028595576,medium,days_since_last_login(+); account_age_days(-); subscription_plan_Basic(+)
CUST00944,0.5919920997263881,high,subscription_plan_Free(+); days_since_last_login(+); account_age_days(+)
CUST00945,0.5560541984983737,high,subscription_plan_Free(+); days_since_last_login(+); region_South(-)
CUST00946,0.33567816780627285,low,subscription_plan_Premium(-); device_type_Tablet(-); days_since_last_login(-)
CUST00947,0.5487933061688485,high,subscription_plan_Free(+); account_age_days(+); days_since_last_login(-)
CUST00948,0.5098009375905168,medium,subscription_plan_Free(+); days_since_last_login(-); device_type_Desktop(+)
CUST00949,0.47902211377765613,medium,subscription_plan_Free(+); days_since_last_login(-); account_age_days(-)
CUST00950,0.5186030726658146,high,subscription_plan_Free(+); account_age_days(-); device_type_Desktop(+)
CUST00951,0.49388942980145734,medium,days_since_last_login(+); subscription_plan_Basic(+); account_age_days(-)
CUST00952,0.4433874209153935,low,subscription_plan_Free(+); account_age_days(-); days_since_last_login(-)
CUST00953,0.6050328973898934,high,subscription_plan_Free(+); missingindicator_pages_per_session(+); days_since_last_login(+)
CUST00954,0.5093627552840327,medium,subscription_plan_Free(+); account_age_days(-); region_West(+)
CUST00955,0.4221744982645291,low,subscription_plan_Free(+); days_since_last_login(-); device_type_Tablet(-)
CUST00956,0.44161588111135897,low,subscription_plan_Free(+); days_since_last_login(-); account_age_days(-)
CUST00957,0.5311592843848555,high,subscription_plan_Free(+); region_South(-); account_age_days(+)
CUST00958,0.3647248690320228,low,subscription_plan_Enterprise(-); account_age_days(-); days_since_last_login(-)
CUST00959,0.4980115399773049,medium,subscription_plan_Free(+); days_since_last_login(-); account_age_days(-)
CUST00960,0.45774856056897145,medium,subscription_plan_Free(+); missingindicator_avg_order_value(-); days_since_last_login(-)
CUST00961,0.5672040044152824,high,subscription_plan_Free(+); days_since_last_login(+); pages_per_session(+)
CUST00962,0.39699026391842335,low,days_since_last_login(-); region_South(-); device_type_Desktop(+)
CUST00963,0.5663829072196152,high,subscription_plan_Free(+); missingindicator_pages_per_session(+); days_since_last_login(-)
CUST00964,0.5028919768423882,medium,days_since_last_login(+); account_age_days(-); subscription_plan_Basic(+)
CUST00965,0.47454090981973884,medium,subscription_plan_Free(+); days_since_last_login(-); account_age_days(-)
CUST00966,0.5058226925446834,medium,days_since_last_login(+); subscription_plan_Basic(+); account_age_days(-)
CUST00967,0.4414827222778498,low,subscription_plan_Free(+); region_South(-); account_age_days(-)
CUST00968,0.4136757196967421,low,subscription_plan_Enterprise(-); days_since_last_login(+); account_age_days(-)
CUST00969,0.4908251398351681,medium,subscription_plan_Free(+); days_since_last_login(-); support_per_order(+)
CUST00970,0.38668668364749276,low,region_South(-); days_since_last_login(-); subscription_plan_Basic(+)
CUST00971,0.5503375652178232,high,subscription_plan_Free(+); account_age_days(+); days_since_last_login(-)
CUST00972,0.5262438797447725,high,subscription_plan_Free(+); days_since_last_login(-); account_age_days(+)
CUST00973,0.5171642028802382,high,subscription_plan_Basic(+); region_West(+); days_since_last_login(+)
CUST00974,0.5393507216725064,high,subscription_plan_Free(+); region_West(+); support_per_order(-)
CUST00975,0.5201149396699964,high,subscription_plan_Free(+); support_per_order(-); pages_per_session(+)
CUST00976,0.3825321948796884,low,subscription_plan_Free(+); region_South(-); missingindicator_days_since_last_login(-)
CUST00977,0.49334688011294825,medium,account_age_days(-); days_since_last_login(+); device_type_Desktop(+)
CUST00978,0.45488919896045177,low,subscription_plan_Premium(-); region_South(-); days_since_last_login(+)
CUST00979,0.5030802874522302,medium,subscription_plan_Free(+); region_South(-); account_age_days(+)
CUST00980,0.41899267780004185,low,subscription_plan_Free(+); days_since_last_login(-); device_type_Tablet(-)
CUST00981,0.37615771018539146,low,subscription_plan_Free(+); days_since_last_login(-); device_type_Tablet(-)
CUST00982,0.5647350802022905,high,subscription_plan_Free(+); account_age_days(+); support_per_order(-)
CUST00983,0.4492420852577753,low,subscription_plan_Free(+); account_age_days(-); days_since_last_login(-)
CUST00984,0.4669128217974975,medium,days_since_last_login(-); subscription_plan_Basic(+); region_West(+)
CUST00985,0.3839395249352183,low,region_South(-); days_since_last_login(-); account_age_days(-)
CUST00986,0.5528080282400593,high,subscription_plan_Free(+); account_age_days(+); region_North(-)
CUST00987,0.5153578913825356,high,subscription_plan_Free(+); region_South(-); account_age_days(+)
CUST00988,0.5349682101760456,high,subscription_plan_Free(+); days_since_last_login(-); missingindicator_pages_per_session(+)
CUST00989,0.5017686565587247,medium,subscription_plan_Free(+); days_since_last_login(-); region_South(-)
CUST00990,0.47475221900092535,medium,subscription_plan_Free(+); region_South(-); days_since_last_login(-)
CUST00991,0.37196822764524107,low,days_since_last_login(-); missingindicator_avg_order_value(-); region_South(-)
CUST00992,0.43221820833894303,low,subscription_plan_Premium(-); account_age_days(+); days_since_last_login(-)
CUST00993,0.4802235158564729,medium,subscription_plan_Free(+); region_South(-); account_age_days(-)
CUST00994,0.6040848116851311,high,subscription_plan_Free(+); days_since_last_login(+); device_type_Desktop(+)
CUST00995,0.4763761899267953,medium,avg_order_value(+); days_since_last_login(-); subscription_plan_Premium(-)
CUST00996,0.5116705257173106,high,account_age_days(+); subscription_plan_Basic(+); support_per_order(+)
CUST00997,0.6117989325821639,high,subscription_plan_Free(+); account_age_days(+); monthly_spend(+)
CUST00998,0.4511246459964043,low,subscription_plan_Free(+); days_since_last_login(-); device_type_Tablet(-)
CUST00999,0.512080378990619,high,region_South(-); days_since_last_login(+); account_age_days(+)
CUST01000,0.5746444959350032,high,subscription_plan_Free(+); device_type_Desktop(+); days_since_last_login(+)
CUST01001,0.4952185870893965,medium,subscription_plan_Free(+); days_since_last_login(-); region_West(+)
CUST01002,0.4451325175698764,low,account_age_days(-); days_since_last_login(-); subscription_plan_Basic(+)
CUST01003,0.39676588712160477,low,subscription_plan_Premium(-); region_South(-); account_age_days(-)
CUST01004,0.4792221375479529,medium,subscription_plan_Free(+); account_age_days(-); days_since_last_login(-)
CUST01005,0.4437034963402424,low,device_type_Tablet(-); days_since_last_login(+); account_age_days(-)
CUST01006,0.5938041783037105,high,subscription_plan_Free(+); days_since_last_login(+); device_type_Desktop(+)
CUST01007,0.422274833733751,low,account_age_days(-); subscription_plan_Basic(+); days_since_last_login(-)
CUST01008,0.5661882100966089,high,avg_order_value(+); subscription_plan_Basic(+); account_age_days(-)
CUST01009,0.49682607022180275,medium,subscription_plan_Free(+); region_South(-); account_age_days(-)
CUST01010,0.5967450099267853,high,avg_order_value(+); account_age_days(-); device_type_Desktop(+)
CUST01011,0.5598858966980101,high,subscription_plan_Free(+); days_since_last_login(+); device_type_Desktop(+)
CUST01012,0.44562475679244945,low,subscription_plan_Enterprise(-); account_age_days(+); days_since_last_login(+)
CUST01013,0.40800116011022186,low,days_since_last_login(-); account_age_days(-); device_type_Desktop(+)
CUST01014,0.5817624870802399,high,subscription_plan_Free(+); days_since_last_login(+); account_age_days(-)
CUST01015,0.492922817446947,medium,subscription_plan_Premium(-); account_age_days(+); device_type_Desktop(+)
CUST01016,0.4503918333478583,low,days_since_last_login(+); subscription_plan_Premium(-); region_South(-)
CUST01017,0.44622763950123323,low,subscription_plan_Premium(-); days_since_last_login(+); account_age_days(-)
CUST01018,0.5681127223821052,high,subscription_plan_Free(+); missingindicator_pages_per_session(+); region_South(-)
CUST01019,0.49766701452954853,medium,subscription_plan_Free(+); account_age_days(-); region_West(+)
CUST01020,0.3852797250478816,low,subscription_plan_Premium(-); region_South(-); account_age_days(-)
CUST01021,0.47608343723372115,medium,subscription_plan_Enterprise(-); days_since_last_login(+); device_type_Desktop(+)
CUST01022,0.48552280905899503,medium,subscription_plan_Premium(-); account_age_days(+); device_type_Desktop(+)
CUST01023,0.48633873333215155,medium,days_since_last_login(+); subscription_plan_Premium(-); region_West(+)
CUST01024,0.4594860600706955,medium,subscription_plan_Free(+); region_South(-); account_age_days(-)
CUST01025,0.3977115555891064,low,device_type_Tablet(-); days_since_last_login(-); subscription_plan_Basic(+)
CUST01026,0.4944397782512686,medium,subscription_plan_Free(+); account_age_days(-); days_since_last_login(-)
CUST01027,0.5116120680139292,high,days_since_last_login(+); subscription_plan_Premium(-); device_type_Desktop(+)
CUST01028,0.5629218961968117,high,subscription_plan_Free(+); days_since_last_login(+); device_type_Tablet(-)
CUST01029,0.55967653795968,high,subscription_plan_Free(+); missingindicator_monthly_spend(+); device_type_Tablet(-)
CUST01030,0.4319550644173226,low,subscription_plan_Premium(-); days_since_last_login(-); account_age_days(+)
CUST01031,0.5862576184013827,high,subscription_plan_Free(+); monthly_spend(+); device_type_Desktop(+)
CUST01032,0.4239872832617376,low,days_since_last_login(-); subscription_plan_Basic(+); account_age_days(-)
CUST01033,0.47201468873447927,medium,subscription_plan_Basic(+); days_since_last_login(-); account_age_days(+)
CUST01034,0.4674898416808884,medium,subscription_plan_Free(+); region_South(-); account_age_days(-)
CUST01035,0.5395428229924303,high,missingindicator_pages_per_session(+); account_age_days(-); days_since_last_login(+)
CUST01036,0.43988650951173536,low,account_age_days(-); subscription_plan_Basic(+); region_North(-)
CUST01037,0.5162170824059806,high,subscription_plan_Free(+); region_South(-); account_age_days(+)
CUST01038,0.3949322095909997,low,days_since_last_login(-); missingindicator_pages_per_session(+); subscription_plan_Premium(-)
CUST01039,0.4553058991704416,low,subscription_plan_Premium(-); days_since_last_login(+); region_Central(+)
CUST01040,0.38848889748496446,low,days_since_last_login(-); subscription_plan_Premium(-); account_age_days(+)
CUST01041,0.5706896086686422,high,days_since_last_login(+); missingindicator_pages_per_session(+); support_per_order(+)
CUST01042,0.42259255635197734,low,days_since_last_login(-); region_South(-); device_type_Desktop(+)
CUST01043,0.46193897748020796,medium,subscription_plan_Premium(-); account_age_days(+); support_per_order(+)
CUST01044,0.37187374906285986,low,days_since_last_login(-); missingindicator_avg_order_value(-); region_South(-)
CUST01045,0.5528232277387984,high,days_since_last_login(+); account_age_days(+); device_type_Desktop(+)
CUST01046,0.44728090536808207,low,subscription_plan_Premium(-); days_since_last_login(+); account_age_days(-)
CUST01047,0.5189076778499506,high,subscription_plan_Free(+); device_type_Tablet(-); days_since_last_login(+)
CUST01048,0.6736758778085997,high,subscription_plan_Free(+); days_since_last_login(+); missingindicator_pages_per_session(+)
CUST01049,0.4393862688104345,low,subscription_plan_Enterprise(-); days_since_last_login(+); region_West(+)
CUST01050,0.552473229856704,high,subscription_plan_Free(+); device_type_Desktop(+); account_age_days(+)
CUST01051,0.5509587961619143,high,subscription_plan_Free(+); days_since_last_login(+); region_North(-)
CUST01052,0.5015289791071856,medium,device_type_Desktop(+); subscription_plan_Basic(+); support_per_order(+)
CUST01053,0.5405591888911353,high,subscription_plan_Free(+); device_type_Tablet(-); account_age_days(+)
CUST01054,0.4603128847497608,medium,days_since_last_login(-); subscription_plan_Basic(+); region_West(+)
CUST01055,0.413856848390502,low,region_South(-); subscription_plan_Basic(+); days_since_last_login(-)
CUST01056,0.5102871534813933,high,subscription_plan_Free(+); region_South(-); account_age_days(+)
CUST01057,0.4117897549578261,low,days_since_last_login(-); region_South(-); account_age_days(+)
CUST01058,0.4036952763240779,low,subscription_plan_Enterprise(-); device_type_Tablet(-); days_since_last_login(+)
CUST01059,0.46679236028161586,medium,region_South(-); device_type_Desktop(+); subscription_plan_Basic(+)
CUST01060,0.4082002556838278,low,subscription_plan_Premium(-); region_South(-); days_since_last_login(+)
CUST01061,0.5381823084819188,high,subscription_plan_Free(+); days_since_last_login(+); missingindicator_avg_order_value(-)
CUST01062,0.5314914538021878,high,subscription_plan_Free(+); region_South(-); account_age_days(+)
CUST01063,0.3673840774875837,low,subscription_plan_Enterprise(-); days_since_last_login(-); account_age_days(+)
CUST01064,0.6430061407635789,high,avg_order_value(+); subscription_plan_Free(+); days_since_last_login(+)
CUST01065,0.47665182790589367,medium,days_since_last_login(+); region_South(-); subscription_plan_Basic(+)
CUST01066,0.573047686991053,high,account_age_days(+); days_since_last_login(+); device_type_Desktop(+)
CUST01067,0.5560303856370418,high,subscription_plan_Free(+); days_since_last_login(+); account_age_days(-)
CUST01068,0.5845062381914802,high,subscription_plan_Free(+); days_since_last_login(+); account_age_days(+)
CUST01069,0.5161075430608335,high,days_since_last_login(+); subscription_plan_Basic(+); account_age_days(-)
CUST01070,0.583423878685429,high,subscription_plan_Free(+); missingindicator_monthly_spend(+); account_age_days(-)
CUST01071,0.5197364774514529,high,subscription_plan_Free(+); recency_ratio(-); account_age_days(+)
CUST01072,0.5312510026270125,high,subscription_plan_Free(+); region_South(-); account_age_days(+)
CUST01073,0.48916429932566113,medium,days_since_last_login(+); account_age_days(-); subscription_plan_Basic(+)
CUST01074,0.47333221152699123,medium,subscription_plan_Free(+); days_since_last_login(-); account_age_days(-)
CUST01075,0.42542128553658254,low,missingindicator_avg_order_value(-); region_South(-); account_age_days(+)
CUST01076,0.5510087206962321,high,missingindicator_monthly_spend(+); account_age_days(+); device_type_Desktop(+)
CUST01077,0.5185840915398667,high,subscription_plan_Free(+); account_age_days(-); days_since_last_login(+)
CUST01078,0.47359816130277144,medium,subscription_plan_Free(+); days_since_last_login(-); account_age_days(-)
CUST01079,0.41757852286015595,low,days_since_last_login(-); subscription_plan_Basic(+); region_North(-)
CUST01080,0.49401909622739487,medium,subscription_plan_Free(+); days_since_last_login(-); device_type_Desktop(+)
CUST01081,0.4962471442518196,medium,subscription_plan_Free(+); days_since_last_login(-); account_age_days(+)
CUST01082,0.41051848666259455,low,missingindicator_monthly_spend(+); missingindicator_days_since_last_login(-); missingindicator_is_dormant(-)
CUST01083,0.5073965745403017,medium,subscription_plan_Free(+); days_since_last_login(-); account_age_days(+)
CUST01084,0.44980949416540217,low,subscription_plan_Free(+); device_type_Tablet(-); region_South(-)
CUST01085,0.47658594599505355,medium,days_since_last_login(-); device_type_Desktop(+); account_age_days(+)
CUST01086,0.5545114440529302,high,subscription_plan_Free(+); days_since_last_login(-); device_type_Desktop(+)
CUST01087,0.40168214438861344,low,subscription_plan_Enterprise(-); days_since_last_login(-); account_age_days(+)
CUST01088,0.48351551619566296,medium,subscription_plan_Free(+); region_South(-); days_since_last_login(-)
CUST01089,0.5507578911528586,high,subscription_plan_Free(+); days_since_last_login(+); region_South(-)
CUST01090,0.3562505302387941,low,subscription_plan_Premium(-); device_type_Tablet(-); account_age_days(-)
CUST01091,0.5422519766307172,high,subscription_plan_Free(+); missingindicator_pages_per_session(+); days_since_last_login(-)
CUST01092,0.4813701478269089,medium,subscription_plan_Basic(+); region_West(+); account_age_days(-)
CUST01093,0.5651197464451793,high,days_since_last_login(+); device_type_Desktop(+); subscription_plan_Basic(+)
CUST01094,0.5427149632616277,high,subscription_plan_Free(+); days_since_last_login(+); account_age_days(-)
CUST01095,0.34672560960304377,low,subscription_plan_Enterprise(-); days_since_last_login(-); account_age_days(-)
CUST01096,0.4878852143680127,medium,days_since_last_login(+); subscription_plan_Premium(-); account_age_days(+)
CUST01097,0.46919342087559324,medium,subscription_plan_Free(+); days_since_last_login(-); account_age_days(-)
CUST01098,0.553007605839346,high,subscription_plan_Free(+); days_since_last_login(+); account_age_days(-)
CUST01099,0.46770866953398527,medium,subscription_plan_Free(+); days_since_last_login(-); monthly_spend(+)
CUST01100,0.3989224036990356,low,days_since_last_login(-); subscription_plan_Basic(+); support_per_order(-)
CUST01101,0.5024215690024318,medium,subscription_plan_Free(+); days_since_last_login(-); device_type_Desktop(+)
CUST01102,0.48568572779339325,medium,subscription_plan_Free(+); account_age_days(-); days_since_last_login(-)
CUST01103,0.48697348274319835,medium,days_since_last_login(+); account_age_days(-); subscription_plan_Basic(+)
CUST01104,0.4999350491571463,medium,device_type_Tablet(-); days_since_last_login(+); account_age_days(+)
CUST01105,0.5361820202464593,high,subscription_plan_Free(+); days_since_last_login(+); pages_per_session(-)
CUST01106,0.4517226917870733,low,subscription_plan_Free(+); device_type_Tablet(-); account_age_days(-)
CUST01107,0.5392267816070262,high,avg_order_value(+); subscription_plan_Free(+); device_type_Tablet(-)
CUST01108,0.5996397148647894,high,subscription_plan_Free(+); days_since_last_login(+); account_age_days(-)
CUST01109,0.5741356400125734,high,subscription_plan_Free(+); account_age_days(+); days_since_last_login(+)
CUST01110,0.5795496282193007,high,subscription_plan_Free(+); days_since_last_login(+); region_South(-)
CUST01111,0.5550153814718389,high,days_since_last_login(+); device_type_Desktop(+); subscription_plan_Basic(+)
CUST01112,0.5884728632001243,high,subscription_plan_Free(+); days_since_last_login(+); account_age_days(+)
CUST01113,0.5768160792814363,high,subscription_plan_Free(+); days_since_last_login(+); account_age_days(+)
CUST01114,0.4501047338080907,low,days_since_last_login(-); subscription_plan_Basic(+); account_age_days(+)
CUST01115,0.5080154935012239,medium,subscription_plan_Free(+); device_type_Tablet(-); days_since_last_login(+)
CUST01116,0.5387420481468209,high,subscription_plan_Free(+); account_age_days(+); days_since_last_login(-)
CUST01117,0.49669334475484195,medium,account_age_days(+); subscription_plan_Basic(+); days_since_last_login(-)
CUST01118,0.5058123935020664,medium,subscription_plan_Free(+); days_since_last_login(+); missingindicator_avg_order_value(-)
CUST01119,0.518477334912107,high,subscription_plan_Free(+); device_type_Desktop(+); days_since_last_login(-)
CUST01120,0.5570138385197455,high,days_since_last_login(+); device_type_Desktop(+); subscription_plan_Basic(+)
CUST01121,0.5028828308233396,medium,device_type_Desktop(+); subscription_plan_Basic(+); account_age_days(+)
CUST01122,0.44654965881684977,low,days_since_last_login(-); region_South(-); support_per_order(+)
CUST01123,0.49669443986485595,medium,device_type_Desktop(+); subscription_plan_Basic(+); account_age_days(+)
CUST01124,0.49512908906803954,medium,device_type_Desktop(+); subscription_plan_Basic(+); region_North(-)
CUST01125,0.5376787330062294,high,subscription_plan_Free(+); days_since_last_login(+); region_North(-)
CUST01126,0.5719921005789649,high,days_since_last_login(+); account_age_days(+); device_type_Desktop(+)
CUST01127,0.5639462517046606,high,subscription_plan_Free(+); device_type_Desktop(+); account_age_days(+)
CUST01128,0.5199336505483361,high,days_since_last_login(+); account_age_days(-); device_type_Desktop(+)
CUST01129,0.4824601582849529,medium,subscription_plan_Premium(-); monthly_spend(+); account_age_days(+)
CUST01130,0.5164469446506474,high,subscription_plan_Free(+); days_since_last_login(+); region_South(-)
CUST01131,0.3900980592545301,low,subscription_plan_Premium(-); days_since_last_login(-); pages_per_session(-)
CUST01132,0.5856403354261344,high,subscription_plan_Free(+); days_since_last_login(+); account_age_days(+)
CUST01133,0.403188684998281,low,subscription_plan_Premium(-); days_since_last_login(-); support_per_order(+)
CUST01134,0.4297726534559403,low,region_South(-); days_since_last_login(-); subscription_plan_Basic(+)
CUST01135,0.42932251121991705,low,subscription_plan_Enterprise(-); account_age_days(+); device_type_Desktop(+)
CUST01136,0.44961567807854513,low,region_South(-); account_age_days(+); days_since_last_login(-)
CUST01137,0.5883156531837491,high,days_since_last_login(+); account_age_days(+); device_type_Desktop(+)
CUST01138,0.4600046375299841,medium,subscription_plan_Premium(-); account_age_days(+); support_per_order(+)
CUST01139,0.5073010071382826,medium,days_since_last_login(+); missingindicator_pages_per_session(+); subscription_plan_Premium(-)
CUST01140,0.6051152427866997,high,subscription_plan_Free(+); days_since_last_login(+); account_age_days(+)
CUST01141,0.4998158387621482,medium,subscription_plan_Free(+); days_since_last_login(-); account_age_days(-)
CUST01142,0.32540746101191714,low,missingindicator_avg_order_value(-); subscription_plan_Premium(-); region_South(-)
CUST01143,0.54471572840383,high,days_since_last_login(+); support_per_order(+); account_age_days(-)
CUST01144,0.45013726301102963,low,subscription_plan_Free(+); days_since_last_login(-); region_South(-)
CUST01145,0.41055192181014827,low,days_since_last_login(-); subscription_plan_Basic(+); account_age_days(-)
CUST01146,0.3725738097460344,low,subscription_plan_Premium(-); days_since_last_login(-); account_age_days(-)
CUST01147,0.44474424383577826,low,subscription_plan_Free(+); days_since_last_login(-); account_age_days(-)
CUST01148,0.5310087777754176,high,days_since_last_login(+); missingindicator_monthly_spend(+); subscription_plan_Premium(-)
CUST01149,0.5255243906859708,high,subscription_plan_Free(+); device_type_Desktop(+); account_age_days(-)
CUST01150,0.42445324813740115,low,subscription_plan_Premium(-); account_age_days(+); days_since_last_login(-)
CUST01151,0.34707488858817104,low,recency_ratio(-); subscription_plan_Enterprise(-); account_age_days(+)
CUST01152,0.4388023727902011,low,subscription_plan_Enterprise(-); days_since_last_login(+); account_age_days(-)
CUST01153,0.46773414207895997,medium,days_since_last_login(+); subscription_plan_Premium(-); region_South(-)
CUST01154,0.48569069802483195,medium,subscription_plan_Free(+); account_age_days(-); days_since_last_login(-)
CUST01155,0.5133508217163616,high,days_since_last_login(+); subscription_plan_Basic(+); pages_per_session(-)
CUST01156,0.48130499638504026,medium,subscription_plan_Free(+); days_since_last_login(-); region_South(-)
CUST01157,0.46287254022660534,medium,days_since_last_login(+); subscription_plan_Premium(-); support_per_order(-)
CUST01158,0.5580479079730409,high,subscription_plan_Free(+); account_age_days(+); days_since_last_login(+)
CUST01159,0.5602573681168269,high,missingindicator_monthly_spend(+); days_since_last_login(+); account_age_days(-)
CUST01160,0.47969938662300127,medium,subscription_plan_Basic(+); days_since_last_login(+); account_age_days(-)
CUST01161,0.47557694132776646,medium,subscription_plan_Free(+); device_type_Tablet(-); account_age_days(-)
CUST01162,0.470112976153689,medium,subscription_plan_Free(+); days_since_last_login(-); device_type_Desktop(+)
CUST01163,0.32191326971268125,low,subscription_plan_Enterprise(-); region_South(-); days_since_last_login(-)
CUST01164,0.5216492252529534,high,subscription_plan_Free(+); days_since_last_login(+); device_type_Tablet(-)
CUST01165,0.30990183076212996,low,days_since_last_login(-); missingindicator_pages_per_session(+); subscription_plan_Premium(-)
CUST01166,0.534988387239187,high,days_since_last_login(+); missingindicator_pages_per_session(+); subscription_plan_Premium(-)
CUST01167,0.5087198856359165,medium,avg_order_value(+); subscription_plan_Free(+); days_since_last_login(-)
CUST01168,0.3777682560194481,low,subscription_plan_Free(+); days_since_last_login(-); device_type_Tablet(-)
CUST01169,0.5049129107504365,medium,subscription_plan_Free(+); region_South(-); device_type_Desktop(+)
CUST01170,0.3735175572998266,low,missingindicator_avg_order_value(-); subscription_plan_Premium(-); account_age_days(-)
CUST01171,0.476175318634615,medium,subscription_plan_Premium(-); days_since_last_login(+); account_age_days(+)
CUST01172,0.5266025427692659,high,subscription_plan_Free(+); region_South(-); account_age_days(+)
CUST01173,0.4676106172034304,medium,subscription_plan_Free(+); days_since_last_login(-); account_age_days(-)
CUST01174,0.5139328857652348,high,subscription_plan_Free(+); region_South(-); days_since_last_login(+)
CUST01175,0.47838849702033687,medium,subscription_plan_Free(+); days_since_last_login(-); account_age_days(-)
CUST01176,0.31391221620595144,low,subscription_plan_Enterprise(-); device_type_Tablet(-); account_age_days(-)
CUST01177,0.5698008041600342,high,subscription_plan_Free(+); days_since_last_login(+); device_type_Tablet(-)
CUST01178,0.5705218091561142,high,subscription_plan_Free(+); days_since_last_login(+); region_North(-)
CUST01179,0.43447240759904693,low,subscription_plan_Premium(-); region_South(-); device_type_Desktop(+)
CUST01180,0.6720257181835165,high,avg_order_value(+); subscription_plan_Free(+); account_age_days(+)
CUST01181,0.5792471613017824,high,subscription_plan_Free(+); days_since_last_login(+); support_per_order(+)
CUST01182,0.37084861372543676,low,days_since_last_login(-); missingindicator_avg_order_value(-); subscription_plan_Basic(+)
CUST01183,0.5117048242203104,high,subscription_plan_Free(+); days_since_last_login(+); missingindicator_avg_order_value(-)
CUST01184,0.5157272149368874,high,subscription_plan_Free(+); account_age_days(-); region_North(-)
CUST01185,0.4583533592738074,medium,region_South(-); days_since_last_login(+); account_age_days(-)
CUST01186,0.36689753729109287,low,subscription_plan_Enterprise(-); account_age_days(-); device_type_Desktop(+)
CUST01187,0.5965076466884505,high,subscription_plan_Free(+); missingindicator_monthly_spend(+); device_type_Desktop(+)
CUST01188,0.487811920649529,medium,subscription_plan_Free(+); days_since_last_login(-); account_age_days(-)
CUST01189,0.6089868912403669,high,subscription_plan_Free(+); days_since_last_login(+); account_age_days(+)
CUST01190,0.4798676144037506,medium,subscription_plan_Free(+); days_since_last_login(-); account_age_days(-)
CUST01191,0.5907608923794075,high,subscription_plan_Free(+); days_since_last_login(+); account_age_days(+)
CUST01192,0.46058606264023894,medium,days_since_last_login(+); subscription_plan_Premium(-); account_age_days(-)
CUST01193,0.4619732639233011,medium,subscription_plan_Free(+); region_South(-); account_age_days(-)
CUST01194,0.4872170783150837,medium,subscription_plan_Free(+); days_since_last_login(-); device_type_Desktop(+)
CUST01195,0.35617788933631744,low,subscription_plan_Enterprise(-); days_since_last_login(-); is_dormant(-)
CUST01196,0.5354759813928354,high,subscription_plan_Free(+); region_South(-); device_type_Desktop(+)
CUST01197,0.49102698325455807,medium,days_since_last_login(-); account_age_days(+); device_type_Desktop(+)
CUST01198,0.47472015267926376,medium,days_since_last_login(-); device_type_Desktop(+); subscription_plan_Basic(+)
CUST01199,0.5373886898814781,high,days_since_last_login(+); subscription_plan_Basic(+); account_age_days(+)
CUST01200,0.3849685747002571,low,days_since_last_login(-); subscription_plan_Premium(-); account_age_days(+)
CUST01201,0.44042561811696446,low,days_since_last_login(-); subscription_plan_Basic(+); account_age_days(+)
CUST01202,0.5159120802584126,high,subscription_plan_Free(+); days_since_last_login(-); account_age_days(-)
CUST01203,0.38300118472118805,low,days_since_last_login(-); subscription_plan_Premium(-); device_type_Desktop(+)
CUST01204,0.5353360583764056,high,subscription_plan_Free(+); missingindicator_monthly_spend(+); region_South(-)
CUST01205,0.4645648393318231,medium,subscription_plan_Free(+); days_since_last_login(-); region_South(-)
CUST01206,0.5031375857447196,medium,days_since_last_login(+); account_age_days(-); device_type_Desktop(+)
CUST01207,0.4987341750178661,medium,subscription_plan_Free(+); region_South(-); days_since_last_login(-)
CUST01208,0.6470599782130868,high,subscription_plan_Free(+); days_since_last_login(+); missingindicator_monthly_spend(+)
CUST01209,0.4129003023110706,low,subscription_plan_Premium(-); region_South(-); device_type_Desktop(+)
CUST01210,0.4355635822309247,low,subscription_plan_Free(+); days_since_last_login(-); region_South(-)
CUST01211,0.5442854098763502,high,subscription_plan_Free(+); days_since_last_login(+); region_North(-)
CUST01212,0.5571801601595225,high,subscription_plan_Free(+); days_since_last_login(+); region_North(-)
CUST01213,0.4144358322129923,low,days_since_last_login(-); account_age_days(-); subscription_plan_Basic(+)
CUST01214,0.5536040389913889,high,subscription_plan_Free(+); missingindicator_pages_per_session(+); support_per_order(-)
CUST01215,0.5155257010129934,high,subscription_plan_Free(+); missingindicator_avg_order_value(-); support_per_order(+)
CUST01216,0.6112564700292749,high,subscription_plan_Free(+); missingindicator_monthly_spend(+); days_since_last_login(+)
CUST01217,0.4846657991232596,medium,days_since_last_login(+); subscription_plan_Premium(-); account_age_days(+)
CUST01218,0.5103219859060114,high,subscription_plan_Free(+); days_since_last_login(-); account_age_days(-)
CUST01219,0.3775229761624679,low,days_since_last_login(-); subscription_plan_Premium(-); device_type_Desktop(+)
CUST01220,0.4754918482370414,medium,subscription_plan_Free(+); device_type_Tablet(-); days_since_last_login(-)
CUST01221,0.4606907663380727,medium,region_South(-); subscription_plan_Basic(+); account_age_days(+)
CUST01222,0.36917759898729713,low,device_type_Tablet(-); region_South(-); days_since_last_login(-)
CUST01223,0.5387852865591984,high,subscription_plan_Free(+); days_since_last_login(+); region_South(-)
CUST01224,0.38581522403390456,low,subscription_plan_Enterprise(-); region_South(-); support_per_order(+)
CUST01225,0.450240738015456,low,region_South(-); days_since_last_login(+); account_age_days(-)
CUST01226,0.4355759587071807,low,days_since_last_login(-); subscription_plan_Basic(+); region_West(+)
CUST01227,0.5041975348431872,medium,subscription_plan_Free(+); device_type_Tablet(-); days_since_last_login(+)
CUST01228,0.5122304099400203,high,subscription_plan_Free(+); region_South(-); support_per_order(+)
CUST01229,0.5262945490914326,high,subscription_plan_Free(+); device_type_Tablet(-); account_age_days(+)
CUST01230,0.4789953502787491,medium,days_since_last_login(-); account_age_days(+); support_per_order(+)
CUST01231,0.41337825694864805,low,missingindicator_avg_order_value(-); days_since_last_login(-); account_age_days(-)
CUST01232,0.590103086384734,high,subscription_plan_Free(+); days_since_last_login(+); account_age_days(+)
CUST01233,0.5509027826050346,high,subscription_plan_Free(+); region_South(-); device_type_Desktop(+)
CUST01234,0.6856225869731031,high,avg_order_value(+); subscription_plan_Free(+); account_age_days(+)
CUST01235,0.46447451919148336,medium,days_since_last_login(-); subscription_plan_Basic(+); account_age_days(+)
CUST01236,0.30894715968291,low,days_since_last_login(-); subscription_plan_Premium(-); device_type_Tablet(-)
CUST01237,0.5355568494505333,high,days_since_last_login(+); account_age_days(+); subscription_plan_Basic(+)
CUST01238,0.47892328744762314,medium,days_since_last_login(+); device_type_Tablet(-); region_South(-)
CUST01239,0.46784129339785724,medium,days_since_last_login(-); account_age_days(+); device_type_Desktop(+)
CUST01240,0.505463164144482,medium,account_age_days(+); subscription_plan_Basic(+); region_West(+)
CUST01241,0.5253777374898729,high,account_age_days(+); device_type_Desktop(+); subscription_plan_Basic(+)
CUST01242,0.3938822357269188,low,subscription_plan_Enterprise(-); days_since_last_login(-); device_type_Desktop(+)
CUST01243,0.36812348615971324,low,days_since_last_login(-); missingindicator_pages_per_session(+); subscription_plan_Premium(-)
CUST01244,0.44148707391365727,low,subscription_plan_Free(+); region_South(-); account_age_days(-)
CUST01245,0.4749413291469683,medium,days_since_last_login(+); device_type_Tablet(-); region_South(-)
CUST01246,0.6149753736520189,high,subscription_plan_Free(+); days_since_last_login(+); account_age_days(+)
CUST01247,0.6074020550198002,high,subscription_plan_Free(+); days_since_last_login(+); device_type_Desktop(+)
CUST01248,0.5411644009800469,high,account_age_days(+); device_type_Desktop(+); subscription_plan_Basic(+)
CUST01249,0.35257387238018034,low,device_type_Tablet(-); region_South(-); account_age_days(-)
CUST01250,0.5235779057421768,high,subscription_plan_Free(+); recency_ratio(-); account_age_days(+)
CUST01251,0.44009572736908414,low,subscription_plan_Premium(-); device_type_Desktop(+); account_age_days(+)
CUST01252,0.4984542409511944,medium,days_since_last_login(+); subscription_plan_Basic(+); support_per_order(-)
CUST01253,0.39330597286357916,low,missingindicator_avg_order_value(-); region_South(-); days_since_last_login(-)
CUST01254,0.42900919019212863,low,days_since_last_login(-); subscription_plan_Basic(+); account_age_days(-)
CUST01255,0.6724805132302312,high,avg_order_value(+); subscription_plan_Free(+); missingindicator_monthly_spend(+)
CUST01256,0.5934122588535267,high,subscription_plan_Free(+); missingindicator_monthly_spend(+); account_age_days(+)
CUST01257,0.31940987388977915,low,subscription_plan_Enterprise(-); days_since_last_login(-); account_age_days(-)
CUST01258,0.5569889291656415,high,subscription_plan_Free(+); account_age_days(+); days_since_last_login(+)
CUST01259,0.5043621156983318,medium,subscription_plan_Free(+); device_type_Tablet(-); account_age_days(+)
CUST01260,0.5206531450727658,high,subscription_plan_Free(+); days_since_last_login(-); device_type_Desktop(+)
CUST01261,0.5455463216235309,high,days_since_last_login(+); region_South(-); account_age_days(+)
CUST01262,0.5093558356019873,medium,subscription_plan_Free(+); account_age_days(-); pages_per_session(+)
CUST01263,0.5355356273824641,high,subscription_plan_Free(+); missingindicator_avg_order_value(-); days_since_last_login(+)
CUST01264,0.4636923555985006,medium,days_since_last_login(-); account_age_days(+); subscription_plan_Basic(+)
CUST01265,0.3738457870458687,low,days_since_last_login(-); region_South(-); missingindicator_recency_ratio(-)
CUST01266,0.5217463623392234,high,support_per_order(+); account_age_days(-); subscription_plan_Basic(+)
CUST01267,0.3995038125516731,low,subscription_plan_Enterprise(-); days_since_last_login(+); account_age_days(-)
CUST01268,0.35062778598666067,low,subscription_plan_Enterprise(-); days_since_last_login(-); account_age_days(-)
CUST01269,0.5492946187358289,high,subscription_plan_Free(+); days_since_last_login(-); device_type_Desktop(+)
CUST01270,0.3543353142895058,low,subscription_plan_Enterprise(-); region_South(-); account_age_days(-)
CUST01271,0.4625470501031361,medium,subscription_plan_Free(+); device_type_Tablet(-); days_since_last_login(-)
CUST01272,0.6020883358322793,high,days_since_last_login(+); missingindicator_monthly_spend(+); account_age_days(+)
CUST01273,0.5225275424504986,high,days_since_last_login(+); subscription_plan_Basic(+); region_West(+)
CUST01274,0.40335745604944356,low,subscription_plan_Enterprise(-); support_per_order(+); region_North(-)
CUST01275,0.5248187274689535,high,subscription_plan_Free(+); days_since_last_login(+); region_South(-)
CUST01276,0.42685212789137844,low,days_since_last_login(-); account_age_days(-); device_type_Desktop(+)
CUST01277,0.3733676994051012,low,device_type_Tablet(-); days_since_last_login(-); account_age_days(-)
CUST01278,0.45145592153514735,low,days_since_last_login(-); subscription_plan_Basic(+); account_age_days(+)
CUST01279,0.47321294422175875,medium,subscription_plan_Free(+); days_since_last_login(-); account_age_days(-)
CUST01280,0.5285422256086265,high,device_type_Desktop(+); subscription_plan_Basic(+); region_West(+)
CUST01281,0.4848646718741104,medium,missingindicator_avg_order_value(-); account_age_days(+); subscription_plan_Basic(+)
CUST01282,0.3545031017876519,low,days_since_last_login(-); subscription_plan_Premium(-); account_age_days(-)
CUST01283,0.37872285773337655,low,subscription_plan_Enterprise(-); account_age_days(-); device_type_Desktop(+)
CUST01284,0.4975042869989258,medium,subscription_plan_Free(+); days_since_last_login(+); region_South(-)
CUST01285,0.41928622080023903,low,subscription_plan_Premium(-); region_South(-); account_age_days(-)
CUST01286,0.45890741461510504,medium,subscription_plan_Enterprise(-); days_since_last_login(+); device_type_Desktop(+)
CUST01287,0.5145997890090757,high,subscription_plan_Free(+); days_since_last_login(-); device_type_Desktop(+)
CUST01288,0.36486636765772673,low,subscription_plan_Enterprise(-); days_since_last_login(-); missingindicator_monthly_spend(+)
CUST01289,0.441245730865366,low,days_since_last_login(-); account_age_days(-); device_type_Desktop(+)
CUST01290,0.5602435296066176,high,subscription_plan_Free(+); days_since_last_login(+); device_type_Tablet(-)
CUST01291,0.44146908917727623,low,subscription_plan_Premium(-); days_since_last_login(+); account_age_days(-)
CUST01292,0.3910110848470442,low,subscription_plan_Premium(-); account_age_days(-); days_since_last_login(-)
CUST01293,0.5271464985055425,high,days_since_last_login(+); account_age_days(-); subscription_plan_Basic(+)
CUST01294,0.46650240666701936,medium,subscription_plan_Free(+); days_since_last_login(-); region_South(-)
CUST01295,0.4923240363436451,medium,account_age_days(-); device_type_Desktop(+); days_since_last_login(+)
CUST01296,0.5275340838541979,high,subscription_plan_Free(+); missingindicator_pages_per_session(+); account_age_days(-)
CUST01297,0.512780708001399,high,subscription_plan_Free(+); account_age_days(-); days_since_last_login(-)
CUST01298,0.4927127543477375,medium,subscription_plan_Free(+); days_since_last_login(-); region_South(-)
CUST01299,0.5118964025725397,high,subscription_plan_Free(+); days_since_last_login(-); device_type_Desktop(+)
CUST01300,0.49657485411120106,medium,subscription_plan_Free(+); days_since_last_login(-); missingindicator_pages_per_session(+)
CUST01301,0.4576977350517971,medium,region_South(-); days_since_last_login(+); subscription_plan_Basic(+)
CUST01302,0.5252693690577219,high,subscription_plan_Free(+); days_since_last_login(-); account_age_days(+)
CUST01303,0.4799607475321235,medium,subscription_plan_Free(+); days_since_last_login(-); account_age_days(-)
CUST01304,0.3573203749491496,low,missingindicator_avg_order_value(-); device_type_Tablet(-); account_age_days(-)
CUST01305,0.5537396129680099,high,days_since_last_login(+); account_age_days(+); subscription_plan_Basic(+)
CUST01306,0.4665772385931425,medium,subscription_plan_Free(+); days_since_last_login(-); account_age_days(-)
CUST01307,0.49957837240051745,medium,subscription_plan_Free(+); missingindicator_monthly_spend(+); device_type_Tablet(-)
CUST01308,0.5423843079213867,high,subscription_plan_Free(+); region_South(-); account_age_days(+)
CUST01309,0.3944960289022682,low,subscription_plan_Enterprise(-); days_since_last_login(-); account_age_days(+)
CUST01310,0.49348671977105985,medium,days_since_last_login(+); account_age_days(-); subscription_plan_Basic(+)
CUST01311,0.5229021086293039,high,account_age_days(+); device_type_Desktop(+); subscription_plan_Basic(+)
CUST01312,0.5617300210206893,high,subscription_plan_Free(+); account_age_days(+); region_North(-)
CUST01313,0.32634132722055753,low,missingindicator_avg_order_value(-); subscription_plan_Premium(-); region_South(-)
CUST01314,0.45079911095307323,low,days_since_last_login(-); account_age_days(+); subscription_plan_Basic(+)
CUST01315,0.5155556782274435,high,days_since_last_login(+); account_age_days(-); subscription_plan_Basic(+)
CUST01316,0.4382614171046823,low,days_since_last_login(+); subscription_plan_Premium(-); device_type_Tablet(-)
CUST01317,0.5333246082762705,high,subscription_plan_Free(+); account_age_days(+); days_since_last_login(-)
CUST01318,0.5712961838196449,high,subscription_plan_Free(+); days_since_last_login(+); region_South(-)
CUST01319,0.43361657317709146,low,subscription_plan_Free(+); days_since_last_login(-); account_age_days(-)
CUST01320,0.4901154333918865,medium,subscription_plan_Free(+); account_age_days(-); days_since_last_login(-)
CUST01321,0.5254558423823689,high,subscription_plan_Free(+); device_type_Desktop(+); days_since_last_login(-)
CUST01322,0.3638477410916011,low,subscription_plan_Enterprise(-); account_age_days(-); days_since_last_login(-)
CUST01323,0.4113438561749166,low,days_since_last_login(-); account_age_days(-); device_type_Desktop(+)
CUST01324,0.4346989189796103,low,days_since_last_login(+); subscription_plan_Premium(-); account_age_days(-)
CUST01325,0.3576097477555308,low,subscription_plan_Premium(-); device_type_Tablet(-); days_since_last_login(-)
CUST01326,0.4252315345304159,low,region_South(-); account_age_days(-); subscription_plan_Basic(+)
CUST01327,0.5246183081072168,high,subscription_plan_Free(+); account_age_days(-); days_since_last_login(-)
CUST01328,0.36989284787480403,low,days_since_last_login(-); subscription_plan_Premium(-); account_age_days(+)
CUST01329,0.5398154092761687,high,days_since_last_login(+); device_type_Desktop(+); subscription_plan_Basic(+)
CUST01330,0.5746610473045743,high,subscription_plan_Free(+); device_type_Desktop(+); days_since_last_login(+)
CUST01331,0.3799859579290132,low,days_since_last_login(-); subscription_plan_Premium(-); account_age_days(-)
CUST01332,0.555986372349788,high,subscription_plan_Free(+); device_type_Desktop(+); days_since_last_login(-)
CUST01333,0.44513347362809935,low,subscription_plan_Premium(-); account_age_days(-); device_type_Desktop(+)
CUST01334,0.4970836760097246,medium,subscription_plan_Free(+); account_age_days(-); region_North(-)
CUST01335,0.47070865661243194,medium,account_age_days(+); days_since_last_login(-); subscription_plan_Basic(+)
CUST01336,0.5156421825523668,high,subscription_plan_Free(+); device_type_Desktop(+); days_since_last_login(-)
CUST01337,0.4911375817875073,medium,subscription_plan_Free(+); days_since_last_login(-); region_Central(+)
CUST01338,0.5023517099047912,medium,subscription_plan_Free(+); days_since_last_login(-); region_West(+)
CUST01339,0.3284142552253302,low,days_since_last_login(-); subscription_plan_Premium(-); region_South(-)
CUST01340,0.4679520880046516,medium,region_South(-); device_type_Desktop(+); subscription_plan_Basic(+)
CUST01341,0.5028188514864821,medium,account_age_days(+); subscription_plan_Basic(+); device_type_Mobile(-)
CUST01342,0.38543521433883604,low,subscription_plan_Premium(-); region_South(-); support_per_order(-)
CUST01343,0.5556927548478987,high,subscription_plan_Free(+); account_age_days(-); device_type_Desktop(+)
CUST01344,0.44268225202546885,low,days_since_last_login(-); subscription_plan_Basic(+); account_age_days(-)
CUST01345,0.4909829905598421,medium,subscription_plan_Free(+); region_South(-); days_since_last_login(+)
CUST01346,0.5953981634017547,high,subscription_plan_Free(+); support_per_order(+); account_age_days(+)
CUST01347,0.41235603454129627,low,device_type_Tablet(-); region_South(-); subscription_plan_Basic(+)
CUST01348,0.4059808066296995,low,subscription_plan_Enterprise(-); days_since_last_login(+); region_South(-)
CUST01349,0.38239969383817235,low,subscription_plan_Enterprise(-); support_per_order(-); region_North(-)
CUST01350,0.5306911366240711,high,subscription_plan_Free(+); account_age_days(+); days_since_last_login(-)
CUST01351,0.5107202585974622,high,days_since_last_login(+); account_age_days(-); device_type_Desktop(+)
CUST01352,0.5163010123400282,high,subscription_plan_Free(+); region_South(-); account_age_days(+)
CUST01353,0.41342972849978343,low,days_since_last_login(-); subscription_plan_Basic(+); support_per_order(-)
CUST01354,0.5596939118035127,high,subscription_plan_Free(+); missingindicator_pages_per_session(+); days_since_last_login(-)
CUST01355,0.44759913994399375,low,region_South(-); account_age_days(-); monthly_spend(+)
CUST01356,0.5306581059252228,high,subscription_plan_Free(+); days_since_last_login(+); region_South(-)
CUST01357,0.49198082924981057,medium,subscription_plan_Free(+); days_since_last_login(-); pages_per_session(-)
CUST01358,0.43292605938361584,low,days_since_last_login(-); account_age_days(-); subscription_plan_Basic(+)
CUST01359,0.6195154489762597,high,subscription_plan_Free(+); days_since_last_login(+); device_type_Desktop(+)
CUST01360,0.5023220109513684,medium,subscription_plan_Free(+); days_since_last_login(-); device_type_Desktop(+)
CUST01361,0.46547697555588663,medium,missingindicator_pages_per_session(+); subscription_plan_Premium(-); account_age_days(+)
CUST01362,0.584719251860353,high,subscription_plan_Free(+); account_age_days(+); device_type_Desktop(+)
CUST01363,0.44395976562849526,low,subscription_plan_Premium(-); device_type_Desktop(+); pages_per_session(+)
CUST01364,0.4398205234834164,low,subscription_plan_Free(+); device_type_Tablet(-); account_age_days(-)
CUST01365,0.4799187325061277,medium,region_South(-); account_age_days(+); subscription_plan_Basic(+)
CUST01366,0.3787345545089078,low,days_since_last_login(-); subscription_plan_Premium(-); account_age_days(+)
CUST01367,0.5676470920843663,high,subscription_plan_Free(+); days_since_last_login(+); device_type_Desktop(+)
CUST01368,0.42601792806491623,low,subscription_plan_Premium(-); days_since_last_login(-); device_type_Desktop(+)
CUST01369,0.5494515367613818,high,subscription_plan_Free(+); device_type_Desktop(+); days_since_last_login(-)
CUST01370,0.5162439855531724,high,days_since_last_login(+); subscription_plan_Premium(-); account_age_days(+)
CUST01371,0.6173094153515365,high,subscription_plan_Free(+); days_since_last_login(+); account_age_days(+)
CUST01372,0.48022555041357967,medium,subscription_plan_Free(+); days_since_last_login(-); account_age_days(-)
CUST01373,0.5221480385569235,high,subscription_plan_Free(+); days_since_last_login(+); support_per_order(-)
CUST01374,0.505957271810779,medium,subscription_plan_Free(+); days_since_last_login(-); missingindicator_pages_per_session(+)
CUST01375,0.41957191831673163,low,days_since_last_login(-); subscription_plan_Basic(+); pages_per_session(-)
CUST01376,0.432397342935095,low,account_age_days(-); days_since_last_login(-); device_type_Desktop(+)
CUST01377,0.46094241592207796,medium,subscription_plan_Enterprise(-); account_age_days(+); device_type_Desktop(+)
CUST01378,0.38502711090587827,low,subscription_plan_Enterprise(-); missingindicator_avg_order_value(-); account_age_days(+)
CUST01379,0.4021891144875063,low,days_since_last_login(-); missingindicator_pages_per_session(+); subscription_plan_Premium(-)
CUST01380,0.5612161569046095,high,subscription_plan_Free(+); days_since_last_login(+); account_age_days(-)
CUST01381,0.5039486894562468,medium,subscription_plan_Basic(+); region_West(+); account_age_days(+)
CUST01382,0.533403380937549,high,subscription_plan_Free(+); days_since_last_login(+); region_South(-)
CUST01383,0.5168949502860439,high,subscription_plan_Free(+); days_since_last_login(-); monthly_spend(+)
CUST01384,0.49858409400199977,medium,days_since_last_login(+); account_age_days(-); subscription_plan_Basic(+)
CUST01385,0.6466084163694693,high,subscription_plan_Free(+); days_since_last_login(+); account_age_days(+)
CUST01386,0.5041726365575238,medium,subscription_plan_Premium(-); days_since_last_login(+); device_type_Desktop(+)
CUST01387,0.3974384330241703,low,days_since_last_login(-); device_type_Tablet(-); subscription_plan_Basic(+)
CUST01388,0.602975876617103,high,subscription_plan_Free(+); missingindicator_monthly_spend(+); account_age_days(+)
CUST01389,0.4719235865493706,medium,subscription_plan_Free(+); days_since_last_login(-); device_type_Desktop(+)
CUST01390,0.49864216522866356,medium,subscription_plan_Free(+); days_since_last_login(-); account_age_days(+)
CUST01391,0.443373087798708,low,device_type_Tablet(-); account_age_days(-); days_since_last_login(+)
CUST01392,0.5905713116740925,high,subscription_plan_Free(+); support_per_order(+); device_type_Desktop(+)
CUST01393,0.4468831838419355,low,days_since_last_login(+); subscription_plan_Premium(-); account_age_days(-)
CUST01394,0.4450660058095954,low,subscription_plan_Premium(-); days_since_last_login(+); account_age_days(-)
CUST01395,0.5076543566807573,medium,subscription_plan_Free(+); region_South(-); days_since_last_login(+)
CUST01396,0.38604796361813265,low,region_South(-); days_since_last_login(-); subscription_plan_Basic(+)
CUST01397,0.5223341846938245,high,subscription_plan_Free(+); days_since_last_login(-); device_type_Desktop(+)
CUST01398,0.49344059347413544,medium,subscription_plan_Free(+); missingindicator_monthly_spend(+); region_South(-)
CUST01399,0.45167391488248043,low,subscription_plan_Free(+); device_type_Tablet(-); account_age_days(-)
CUST01400,0.5144168295316364,high,subscription_plan_Free(+); account_age_days(-); support_per_order(+)
CUST01401,0.36032518934423197,low,subscription_plan_Enterprise(-); device_type_Tablet(-); days_since_last_login(+)
CUST01402,0.6136504515147421,high,subscription_plan_Free(+); days_since_last_login(+); account_age_days(+)
CUST01403,0.3347661819711053,low,days_since_last_login(-); subscription_plan_Premium(-); account_age_days(-)
CUST01404,0.4193057686870124,low,subscription_plan_Enterprise(-); days_since_last_login(+); region_South(-)
CUST01405,0.42063685644448234,low,subscription_plan_Enterprise(-); days_since_last_login(+); device_type_Tablet(-)
CUST01406,0.5339555310067354,high,subscription_plan_Free(+); region_South(-); account_age_days(+)
CUST01407,0.504512626925091,medium,account_age_days(+); subscription_plan_Basic(+); support_per_order(-)
CUST01408,0.42746103616421205,low,days_since_last_login(-); account_age_days(-); device_type_Desktop(+)
CUST01409,0.497633999991824,medium,subscription_plan_Free(+); region_South(-); device_type_Desktop(+)
CUST01410,0.38386893088624063,low,subscription_plan_Premium(-); account_age_days(-); days_since_last_login(-)
CUST01411,0.4228782186961997,low,subscription_plan_Premium(-); region_South(-); account_age_days(+)
CUST01412,0.4733770531020176,medium,subscription_plan_Premium(-); days_since_last_login(+); device_type_Desktop(+)
CUST01413,0.32177198698030585,low,days_since_last_login(-); subscription_plan_Premium(-); region_South(-)
CUST01414,0.5064301929425408,medium,subscription_plan_Free(+); device_type_Tablet(-); days_since_last_login(+)
CUST01415,0.42106964794816265,low,days_since_last_login(-); account_age_days(-); device_type_Desktop(+)
CUST01416,0.4053462532659265,low,days_since_last_login(-); account_age_days(-); subscription_plan_Basic(+)
CUST01417,0.5041229734614853,medium,account_age_days(+); days_since_last_login(+); subscription_plan_Basic(+)
CUST01418,0.4609147284158027,medium,subscription_plan_Basic(+); days_since_last_login(-); region_North(-)
CUST01419,0.5179528817411947,high,device_type_Desktop(+); subscription_plan_Basic(+); account_age_days(+)
CUST01420,0.44924359735291713,low,missingindicator_pages_per_session(+); region_South(-); days_since_last_login(-)
CUST01421,0.48463692825771965,medium,account_age_days(+); days_since_last_login(-); subscription_plan_Basic(+)
CUST01422,0.4980584534051481,medium,subscription_plan_Free(+); days_since_last_login(-); account_age_days(+)
CUST01423,0.4795130591416058,medium,subscription_plan_Free(+); days_since_last_login(-); account_age_days(-)
CUST01424,0.5393512002426423,high,subscription_plan_Free(+); days_since_last_login(+); account_age_days(-)
CUST01425,0.49465535595206245,medium,subscription_plan_Free(+); missingindicator_avg_order_value(-); region_South(-)
CUST01426,0.538636345364738,high,subscription_plan_Free(+); account_age_days(-); days_since_last_login(+)
CUST01427,0.525082733376248,high,days_since_last_login(+); subscription_plan_Basic(+); account_age_days(-)
CUST01428,0.43840444632327946,low,subscription_plan_Enterprise(-); missingindicator_pages_per_session(+); account_age_days(+)
CUST01429,0.47417259065213163,medium,days_since_last_login(+); account_age_days(-); subscription_plan_Basic(+)
CUST01430,0.5965483182942228,high,subscription_plan_Free(+); account_age_days(+); device_type_Desktop(+)
CUST01431,0.33703198435595394,low,subscription_plan_Premium(-); device_type_Tablet(-); region_South(-)
CUST01432,0.5223800955128685,high,subscription_plan_Free(+); account_age_days(-); days_since_last_login(+)
CUST01433,0.47197668313026975,medium,subscription_plan_Free(+); days_since_last_login(-); account_age_days(-)
CUST01434,0.44339778570297134,low,subscription_plan_Premium(-); account_age_days(-); support_per_order(+)
CUST01435,0.3299871021773853,low,days_since_last_login(-); subscription_plan_Premium(-); account_age_days(-)
CUST01436,0.5405553889777053,high,subscription_plan_Free(+); device_type_Desktop(+); account_age_days(-)
CUST01437,0.4488879728726145,low,subscription_plan_Premium(-); account_age_days(-); region_West(+)
CUST01438,0.5385231698068483,high,subscription_plan_Free(+); pages_per_session(+); account_age_days(+)
CUST01439,0.5364135309005535,high,account_age_days(+); days_since_last_login(+); subscription_plan_Basic(+)
CUST01440,0.45475282330876016,low,days_since_last_login(-); subscription_plan_Basic(+); account_age_days(+)
CUST01441,0.4799250614758469,medium,days_since_last_login(-); account_age_days(+); device_type_Desktop(+)
CUST01442,0.4151626994649947,low,subscription_plan_Premium(-); region_South(-); days_since_last_login(+)
CUST01443,0.5084991598903026,medium,days_since_last_login(+); subscription_plan_Basic(+); account_age_days(-)
CUST01444,0.46439486137042324,medium,subscription_plan_Free(+); days_since_last_login(-); device_type_Tablet(-)
CUST01445,0.3855704857462475,low,subscription_plan_Enterprise(-); device_type_Tablet(-); days_since_last_login(+)
CUST01446,0.47991148686245727,medium,days_since_last_login(+); subscription_plan_Premium(-); account_age_days(+)
CUST01447,0.39826029823137454,low,subscription_plan_Premium(-); region_South(-); device_type_Desktop(+)
CUST01448,0.33527501751725397,low,subscription_plan_Premium(-); device_type_Tablet(-); region_South(-)
CUST01449,0.5191261789643593,high,subscription_plan_Free(+); days_since_last_login(-); device_type_Desktop(+)
CUST01450,0.4764505536298046,medium,subscription_plan_Premium(-); days_since_last_login(+); device_type_Desktop(+)
CUST01451,0.568811855422949,high,subscription_plan_Free(+); days_since_last_login(+); device_type_Tablet(-)
CUST01452,0.5624497067920735,high,subscription_plan_Free(+); account_age_days(+); days_since_last_login(+)
CUST01453,0.5240950086084382,high,subscription_plan_Free(+); account_age_days(-); support_per_order(+)
CUST01454,0.31927750856194914,low,missingindicator_avg_order_value(-); days_since_last_login(-); subscription_plan_Premium(-)
CUST01455,0.4027725434171484,low,days_since_last_login(-); account_age_days(-); subscription_plan_Basic(+)
CUST01456,0.5713141834256721,high,subscription_plan_Free(+); days_since_last_login(+); region_South(-)
CUST01457,0.5302187970209957,high,subscription_plan_Free(+); account_age_days(+); days_since_last_login(-)
CUST01458,0.49657299850647585,medium,subscription_plan_Free(+); days_since_last_login(-); account_age_days(+)
CUST01459,0.570904995287148,high,subscription_plan_Free(+); days_since_last_login(+); support_per_order(+)
CUST01460,0.5282849381726665,high,subscription_plan_Free(+); missingindicator_avg_order_value(-); days_since_last_login(+)
CUST01461,0.4810782594296687,medium,subscription_plan_Free(+); days_since_last_login(-); region_North(-)
CUST01462,0.5409865388044105,high,missingindicator_monthly_spend(+); days_since_last_login(+); account_age_days(-)
CUST01463,0.5502066710346445,high,days_since_last_login(+); account_age_days(+); subscription_plan_Basic(+)
CUST01464,0.5101130697046645,high,subscription_plan_Free(+); region_South(-); days_since_last_login(-)
CUST01465,0.45776922979526996,medium,subscription_plan_Free(+); device_type_Tablet(-); days_since_last_login(-)
CUST01466,0.3545652747202886,low,subscription_plan_Premium(-); region_South(-); account_age_days(-)
CUST01467,0.6050388037998171,high,support_per_order(+); days_since_last_login(+); subscription_plan_Basic(+)
CUST01468,0.4136213769956031,low,subscription_plan_Enterprise(-); region_West(+); account_age_days(+)
CUST01469,0.5476365037678581,high,subscription_plan_Free(+); days_since_last_login(+); account_age_days(-)
CUST01470,0.4507446448702293,low,days_since_last_login(-); subscription_plan_Basic(+); account_age_days(+)
CUST01471,0.5704464680142786,high,subscription_plan_Free(+); days_since_last_login(+); region_West(+)
CUST01472,0.3953380131360344,low,region_South(-); account_age_days(-); subscription_plan_Basic(+)
CUST01473,0.5364397080455452,high,missingindicator_pages_per_session(+); days_since_last_login(+); account_age_days(-)
CUST01474,0.44213094531199254,low,subscription_plan_Premium(-); account_age_days(+); support_per_order(+)
CUST01475,0.459204053662053,medium,subscription_plan_Enterprise(-); account_age_days(+); days_since_last_login(+)
CUST01476,0.39300245424823077,low,missingindicator_avg_order_value(-); subscription_plan_Premium(-); pages_per_session(+)
CUST01477,0.44916217002897196,low,subscription_plan_Premium(-); days_since_last_login(+); pages_per_session(+)
CUST01478,0.5600021690991019,high,subscription_plan_Free(+); days_since_last_login(+); region_South(-)
CUST01479,0.46764661035132243,medium,region_South(-); device_type_Desktop(+); subscription_plan_Basic(+)
CUST01480,0.40717184362975417,low,subscription_plan_Premium(-); device_type_Tablet(-); days_since_last_login(+)
CUST01481,0.43357164016195293,low,days_since_last_login(-); subscription_plan_Basic(+); support_per_order(-)
CUST01482,0.5226865148425441,high,subscription_plan_Free(+); days_since_last_login(-); account_age_days(+)
CUST01483,0.36146564816150406,low,subscription_plan_Enterprise(-); missingindicator_avg_order_value(-); region_South(-)
CUST01484,0.5064592263756594,medium,subscription_plan_Free(+); account_age_days(-); support_per_order(-)
CUST01485,0.51282776834207,high,account_age_days(+); days_since_last_login(+); subscription_plan_Basic(+)
CUST01486,0.5649073702194229,high,subscription_plan_Free(+); days_since_last_login(+); account_age_days(-)
CUST01487,0.3690286025387092,low,subscription_plan_Premium(-); days_since_last_login(-); account_age_days(-)
CUST01488,0.6293158420446482,high,subscription_plan_Free(+); days_since_last_login(+); missingindicator_monthly_spend(+)
CUST01489,0.4548106051841886,low,recency_ratio(-); subscription_plan_Free(+); account_age_days(+)
CUST01490,0.46523146642091157,medium,subscription_plan_Premium(-); days_since_last_login(+); region_West(+)
CUST01491,0.5725629345506642,high,subscription_plan_Free(+); device_type_Desktop(+); days_since_last_login(+)
CUST01492,0.4933620658432205,medium,subscription_plan_Free(+); device_type_Tablet(-); region_South(-)
CUST01493,0.4774199925824483,medium,account_age_days(-); device_type_Desktop(+); subscription_plan_Basic(+)
CUST01494,0.39978677664891743,low,days_since_last_login(-); subscription_plan_Premium(-); device_type_Desktop(+)
CUST01495,0.5010761888937313,medium,subscription_plan_Free(+); region_South(-); account_age_days(-)
CUST01496,0.5076432052742887,medium,subscription_plan_Free(+); region_South(-); days_since_last_login(+)
CUST01497,0.3597601635892945,low,days_since_last_login(-); subscription_plan_Premium(-); region_South(-)
CUST01498,0.5204062162645388,high,days_since_last_login(+); subscription_plan_Basic(+); region_West(+)
CUST01499,0.47632815140762885,medium,missingindicator_monthly_spend(+); subscription_plan_Premium(-); account_age_days(+)
CUST01500,0.4257691353788869,low,subscription_plan_Free(+); days_since_last_login(-); missingindicator_avg_order_value(-)
CUST01501,0.41277968608391485,low,subscription_plan_Premium(-); region_South(-); days_since_last_login(+)
CUST01502,0.4247080048148666,low,days_since_last_login(-); device_type_Tablet(-); account_age_days(+)
CUST01503,0.5566839155080348,high,subscription_plan_Free(+); device_type_Desktop(+); region_West(+)
CUST01504,0.4643392074381045,medium,days_since_last_login(+); subscription_plan_Premium(-); region_South(-)
CUST01505,0.5209693164320239,high,subscription_plan_Free(+); account_age_days(-); device_type_Mobile(-)
CUST01506,0.5040998329400052,medium,days_since_last_login(-); device_type_Desktop(+); account_age_days(+)
CUST01507,0.6114018943251563,high,subscription_plan_Free(+); days_since_last_login(+); device_type_Desktop(+)
CUST01508,0.4573873065960889,medium,subscription_plan_Free(+); days_since_last_login(-); account_age_days(-)
CUST01509,0.3688535321515843,low,subscription_plan_Enterprise(-); missingindicator_pages_per_session(+); account_age_days(-)
CUST01510,0.5614768489300669,high,subscription_plan_Free(+); days_since_last_login(+); account_age_days(-)
CUST01511,0.522527283475281,high,account_age_days(-); monthly_spend(+); days_since_last_login(+)
CUST01512,0.4942479108257404,medium,days_since_last_login(+); account_age_days(-); subscription_plan_Basic(+)
CUST01513,0.46946287757308436,medium,days_since_last_login(-); device_type_Desktop(+); subscription_plan_Basic(+)
CUST01514,0.5562036301850026,high,subscription_plan_Free(+); missingindicator_monthly_spend(+); region_South(-)
CUST01515,0.4481233743058036,low,days_since_last_login(+); subscription_plan_Premium(-); account_age_days(-)
CUST01516,0.5569038473619448,high,subscription_plan_Free(+); days_since_last_login(+); region_South(-)
CUST01517,0.43933958636811665,low,subscription_plan_Premium(-); region_Central(+); days_since_last_login(+)
CUST01518,0.5078608747088371,medium,subscription_plan_Free(+); days_since_last_login(-); account_age_days(+)
CUST01519,0.4708319672738163,medium,days_since_last_login(+); subscription_plan_Premium(-); account_age_days(-)
CUST01520,0.5063186749859448,medium,account_age_days(+); days_since_last_login(-); subscription_plan_Basic(+)
CUST01521,0.5271506837129118,high,subscription_plan_Free(+); days_since_last_login(+); account_age_days(-)
CUST01522,0.5799988671558551,high,avg_order_value(+); region_South(-); account_age_days(+)
CUST01523,0.5970771652163254,high,subscription_plan_Free(+); days_since_last_login(+); account_age_days(+)
CUST01524,0.47526756056018205,medium,account_age_days(-); subscription_plan_Basic(+); support_per_order(+)
CUST01525,0.4867421191993273,medium,days_since_last_login(-); device_type_Desktop(+); subscription_plan_Basic(+)
CUST01526,0.4138131079825017,low,subscription_plan_Premium(-); pages_per_session(-); account_age_days(+)
CUST01527,0.34701321217779796,low,subscription_plan_Premium(-); days_since_last_login(-); account_age_days(-)
CUST01528,0.5021320749607161,medium,days_since_last_login(+); subscription_plan_Premium(-); account_age_days(+)
CUST01529,0.4178182868929407,low,subscription_plan_Enterprise(-); days_since_last_login(+); account_age_days(-)
CUST01530,0.3220449928245849,low,days_since_last_login(-); subscription_plan_Premium(-); region_South(-)
CUST01531,0.5440402618634715,high,subscription_plan_Free(+); days_since_last_login(+); account_age_days(-)
CUST01532,0.4802552795357449,medium,days_since_last_login(+); subscription_plan_Premium(-); account_age_days(+)
CUST01533,0.5665367016976526,high,subscription_plan_Free(+); region_South(-); days_since_last_login(+)
CUST01534,0.4485955360479891,low,subscription_plan_Premium(-); account_age_days(+); days_since_last_login(-)
CUST01535,0.4077806798248811,low,missingindicator_monthly_spend(+); subscription_plan_Premium(-); region_South(-)
CUST01536,0.5270449430701382,high,subscription_plan_Free(+); days_since_last_login(-); device_type_Desktop(+)
CUST01537,0.46189974686741725,medium,days_since_last_login(+); subscription_plan_Premium(-); account_age_days(-)
CUST01538,0.3840937573296096,low,subscription_plan_Enterprise(-); account_age_days(-); days_since_last_login(+)
CUST01539,0.5793696968114452,high,subscription_plan_Free(+); monthly_spend(+); region_West(+)
CUST01540,0.4204231037381042,low,subscription_plan_Enterprise(-); device_type_Desktop(+); account_age_days(+)
CUST01541,0.37942866502476125,low,missingindicator_avg_order_value(-); days_since_last_login(-); subscription_plan_Basic(+)
CUST01542,0.3694027485889323,low,days_since_last_login(-); subscription_plan_Premium(-); account_age_days(+)
CUST01543,0.5542501970518924,high,subscription_plan_Free(+); days_since_last_login(-); missingindicator_monthly_spend(+)
CUST01544,0.5574922469923911,high,subscription_plan_Free(+); device_type_Desktop(+); account_age_days(+)
CUST01545,0.5216634088439113,high,days_since_last_login(+); subscription_plan_Basic(+); account_age_days(+)
CUST01546,0.49611448466482055,medium,subscription_plan_Free(+); days_since_last_login(-); region_North(-)
CUST01547,0.44534479999103843,low,days_since_last_login(+); device_type_Tablet(-); region_South(-)
CUST01548,0.515909697149999,high,subscription_plan_Free(+); days_since_last_login(-); account_age_days(+)
CUST01549,0.5460037028638828,high,device_type_Desktop(+); subscription_plan_Basic(+); region_West(+)
CUST01550,0.5065378037042033,medium,days_since_last_login(+); subscription_plan_Premium(-); account_age_days(+)
CUST01551,0.4640186173588591,medium,days_since_last_login(-); account_age_days(+); device_type_Desktop(+)
CUST01552,0.5934866370299217,high,subscription_plan_Free(+); missingindicator_pages_per_session(+); region_South(-)
CUST01553,0.5218655338056705,high,missingindicator_pages_per_session(+); device_type_Desktop(+); subscription_plan_Basic(+)
CUST01554,0.41157315126037836,low,missingindicator_avg_order_value(-); subscription_plan_Premium(-); days_since_last_login(+)
CUST01555,0.6005836351148839,high,subscription_plan_Free(+); missingindicator_pages_per_session(+); account_age_days(+)
CUST01556,0.4322149383443995,low,subscription_plan_Premium(-); days_since_last_login(-); account_age_days(+)
CUST01557,0.6180447193167588,high,subscription_plan_Free(+); missingindicator_monthly_spend(+); account_age_days(+)
CUST01558,0.48088086157032983,medium,missingindicator_pages_per_session(+); account_age_days(-); subscription_plan_Basic(+)
CUST01559,0.410908927252573,low,region_South(-); account_age_days(-); days_since_last_login(-)
CUST01560,0.4465956851571953,low,subscription_plan_Basic(+); account_age_days(-); support_per_order(-)
CUST01561,0.5104165749107309,high,subscription_plan_Free(+); region_South(-); days_since_last_login(+)
CUST01562,0.5325830283519408,high,subscription_plan_Free(+); account_age_days(+); days_since_last_login(-)
CUST01563,0.41990559646650105,low,region_South(-); days_since_last_login(-); subscription_plan_Basic(+)
CUST01564,0.4883838550124576,medium,subscription_plan_Enterprise(-); days_since_last_login(+); account_age_days(+)
CUST01565,0.5768687433795369,high,subscription_plan_Free(+); missingindicator_monthly_spend(+); region_South(-)
CUST01566,0.3816780561763286,low,subscription_plan_Premium(-); region_South(-); days_since_last_login(-)
CUST01567,0.3845042626208011,low,missingindicator_monthly_spend(+); days_since_last_login(-); subscription_plan_Premium(-)
CUST01568,0.5304853935452882,high,subscription_plan_Free(+); pages_per_session(-); days_since_last_login(+)
CUST01569,0.5868598098864155,high,subscription_plan_Free(+); days_since_last_login(+); device_type_Desktop(+)
CUST01570,0.4146897203855291,low,subscription_plan_Enterprise(-); days_since_last_login(+); pages_per_session(-)
CUST01571,0.520402148915529,high,subscription_plan_Free(+); days_since_last_login(-); support_per_order(+)
CUST01572,0.48780202740900974,medium,days_since_last_login(+); subscription_plan_Basic(+); account_age_days(-)
CUST01573,0.5822755890653354,high,subscription_plan_Free(+); account_age_days(+); days_since_last_login(+)
CUST01574,0.5364688898858682,high,subscription_plan_Free(+); device_type_Desktop(+); account_age_days(-)
CUST01575,0.5300003033653544,high,days_since_last_login(+); region_South(-); account_age_days(+)
CUST01576,0.38412406782340075,low,days_since_last_login(-); subscription_plan_Premium(-); account_age_days(+)
CUST01577,0.3752710101717377,low,days_since_last_login(-); subscription_plan_Premium(-); region_West(+)
CUST01578,0.5875360094567535,high,missingindicator_monthly_spend(+); days_since_last_login(+); device_type_Desktop(+)
CUST01579,0.3481575908282466,low,subscription_plan_Enterprise(-); missingindicator_monthly_spend(+); region_South(-)
CUST01580,0.3806722082490729,low,subscription_plan_Enterprise(-); missingindicator_monthly_spend(+); account_age_days(-)
CUST01581,0.5061730047865899,medium,subscription_plan_Free(+); days_since_last_login(-); device_type_Desktop(+)
CUST01582,0.5490040677698371,high,subscription_plan_Free(+); days_since_last_login(+); region_South(-)
CUST01583,0.4921294410229609,medium,subscription_plan_Free(+); missingindicator_avg_order_value(-); device_type_Tablet(-)
CUST01584,0.460434071922111,medium,subscription_plan_Free(+); missingindicator_pages_per_session(+); device_type_Tablet(-)
CUST01585,0.5283977261962973,high,subscription_plan_Free(+); days_since_last_login(+); account_age_days(-)
CUST01586,0.5532593410076853,high,days_since_last_login(+); subscription_plan_Basic(+); account_age_days(+)
CUST01587,0.4283447299306218,low,subscription_plan_Premium(-); account_age_days(+); days_since_last_login(-)
CUST01588,0.5303042282830777,high,subscription_plan_Free(+); days_since_last_login(-); account_age_days(+)
CUST01589,0.5419965956671697,high,subscription_plan_Free(+); device_type_Desktop(+); account_age_days(-)
CUST01590,0.43435008364744465,low,subscription_plan_Enterprise(-); days_since_last_login(+); device_type_Desktop(+)
CUST01591,0.4366529323716555,low,subscription_plan_Premium(-); account_age_days(-); days_since_last_login(+)
CUST01592,0.5397426138195821,high,subscription_plan_Free(+); account_age_days(+); days_since_last_login(-)
CUST01593,0.32010139663531356,low,subscription_plan_Enterprise(-); days_since_last_login(-); account_age_days(-)
CUST01594,0.5299200758770131,high,days_since_last_login(+); account_age_days(+); subscription_plan_Basic(+)
CUST01595,0.4021351504240155,low,days_since_last_login(-); account_age_days(-); subscription_plan_Basic(+)
CUST01596,0.4052687810799477,low,days_since_last_login(-); subscription_plan_Basic(+); account_age_days(-)
CUST01597,0.4439375212468466,low,subscription_plan_Premium(-); device_type_Desktop(+); account_age_days(-)
CUST01598,0.5371417042089403,high,subscription_plan_Free(+); account_age_days(+); pages_per_session(-)
CUST01599,0.5369354152979448,high,days_since_last_login(+); account_age_days(+); subscription_plan_Basic(+)
CUST01600,0.5110005994869156,high,subscription_plan_Free(+); missingindicator_avg_order_value(-); device_type_Desktop(+)
